"","2003","2004","2005","2006","2007","2008","2009","2010","2011","2012","2013","2014","2015","2016","2017","2018","2019","2020","2021","2022","2023"
"25",0.00102188288583188,0.00104529508193295,0.00109231495723697,0.00104052030438731,0.00115916484112692,0.00131945029356285,0.00109989218323037,0.000997365797257138,0.00102325832395463,0.00115284893011614,0.00111548204794972,0.00108672216749965,0.00118416336360172,0.00136811365991134,0.00157869888141768,0.00163217319070049,0.00176613691828931,NA,0.00146736357166825,0.00153783825135387,0.00147752724300967
"26",0.00102529937651565,0.00104691780563184,0.00108592011817077,0.00105882394712729,0.00114237948739998,0.00136633270459239,0.00107563682877976,0.0010096507661542,0.00100683993891401,0.001162520831017,0.00114698777941117,0.00113940975939533,0.001216287373803,0.00134784314661749,0.0015572125064268,0.00168510355616741,0.00187690918960426,NA,0.00154918796284675,0.00160453525947545,0.00145566823990397
"27",0.00108175729782087,0.00108385306510809,0.00108668667779574,0.00107031570034727,0.00113448707147008,0.00143017909749526,0.00107226408014285,0.00108904227490968,0.00101555593507815,0.00117936560642553,0.00118835285859835,0.00120740711105372,0.00124501273870365,0.00132501796114074,0.00155653986231893,0.00178375549956077,0.00206112097637433,NA,0.00171213760586649,0.00178350945785169,0.00144644960287633
"28",0.00111723871982938,0.00114446699821211,0.00112169740671482,0.00108262665018259,0.00117796160354842,0.00139232025050048,0.00113384025363587,0.00108564852314074,0.00106496176705264,0.00119196017673378,0.00121613538466898,0.00126190985431313,0.00129183980877821,0.00139569334312918,0.00158397957723798,0.00181656282982214,0.00216150896059264,NA,0.00183603232142834,0.00191649193706583,0.00153242075409558
"29",0.00106335203379721,0.00107882145260851,0.00106799625196455,0.00107960297301763,0.00110349091198398,0.00140303264897588,0.00110244404225108,0.00109924084067058,0.00103527741799531,0.00120224636879972,0.00121976135506512,0.00125715198921872,0.00133797747453731,0.00142156160598622,0.00164100554056693,0.00183924165685975,0.00219250574771539,NA,0.00195267945616878,0.00207212919815545,0.00162783632031044
"30",0.00116381914998622,0.00115226357315579,0.0011194452115476,0.00108093386777631,0.00114539707932079,0.00140600138273814,0.00115262060269703,0.00114676026339419,0.00109623021591486,0.00123858053520239,0.00126958561792372,0.00129795435590093,0.00136430318773981,0.00149321948910245,0.00164768293542134,0.00188287401248352,0.00223930148182483,NA,0.00209931636826761,0.0022329294179415,0.0017747846106239
"31",0.00124846074318948,0.00125142662083159,0.00118396536215653,0.00112933437269543,0.00119323511765511,0.00146666308398602,0.00121415431966563,0.0012233935430276,0.00117895231819054,0.00134168241757268,0.00133645125350342,0.00138500311983625,0.00143115962254569,0.00155025555176642,0.00176284325614575,0.00192741454907955,0.00231898773054421,NA,0.00216645926644877,0.00237002265815281,0.00189044478158694
"32",0.00128584462753764,0.00129345053860161,0.00124566349357625,0.00117295872249882,0.0012221420992167,0.00142006850365643,0.0012147039395826,0.00122780356134488,0.0011951636010081,0.00136406430270027,0.00135799588592945,0.00137800473678446,0.00145414338292466,0.00154027380949831,0.00174291586995584,0.00196506356288838,0.0022578733498203,NA,0.00219256514352512,0.00244217802703957,0.00200724580477635
"33",0.00133691140285895,0.00136876856938745,0.00132948883483053,0.00125783459301249,0.00126394263119853,0.00147229599532914,0.00124303818047484,0.00126907164090632,0.00124012034336461,0.00142215941417553,0.00142736541171012,0.00145718582786386,0.00151025969092517,0.00163747860801786,0.00180077855589424,0.00201762589768231,0.00236330967623166,NA,0.00230035975369011,0.00256748121631229,0.00213826558006493
"34",0.0013764131988295,0.00138050564001268,0.00135024416021591,0.00133626199807195,0.00130905379034894,0.00149537983635312,0.00126511876960341,0.00127064919343452,0.00124743287342793,0.0014543344272284,0.00147939036644662,0.00152187073497631,0.00158736689311324,0.0016951885038026,0.00190982197486074,0.00211139201217057,0.00246177595455547,NA,0.00235299360958451,0.00270719226239314,0.00224710310900737
"35",0.00149438880898913,0.00146785805993155,0.00142004516169311,0.00144198118730773,0.00139145414932847,0.00157718968066924,0.00131634529602297,0.00133371136077608,0.00128559804455708,0.00148945585073955,0.00152217125864035,0.00158384632578165,0.00165867430851516,0.00175909149107002,0.00195040505465247,0.00217514418569739,0.00251330835347123,NA,0.00245190996254971,0.00274080684412115,0.00232849558743984
"36",0.00162933691483461,0.00160398447066273,0.00151715467833024,0.00153529927462443,0.00146495182430364,0.00164743250759662,0.00141082564087324,0.00138807322554938,0.00135175753683945,0.00152499969132925,0.00156966942523191,0.00163560743916888,0.00172658250853007,0.00183339341709134,0.00201777413489157,0.00221572912199525,0.00257860387678844,NA,0.00248634076981167,0.00283530462832576,0.00237009208927134
"37",0.00176370210860354,0.00173643027957229,0.00164945848983574,0.00178140353925073,0.00154538917798234,0.00172892411435917,0.00150673733069902,0.00149729394808738,0.00142350241648539,0.00161689670619237,0.00162966219265547,0.00170222806528125,0.00180881615099031,0.00193654114869374,0.00212458036514834,0.00231778289655049,0.0026565139814613,NA,0.00260127187977695,0.00293945659739385,0.00251520485099182
"38",0.00197233343654489,0.00192529612204148,0.00183071898005421,0.00212678296802538,0.0016920225973134,0.00181481251315601,0.00163307749672765,0.00162985160954364,0.00156236218143754,0.00170479079942502,0.00171931004039609,0.00175781157773841,0.00185332193411473,0.00198154223004842,0.00217350255468323,0.00234459781700149,0.00264351099127603,NA,0.00262824369602685,0.0029441182359581,0.00254172751046473
"39",0.00200682901145275,0.00197326969636967,0.00187498322421636,0.00239479006978495,0.00175264914991788,0.0018438703701028,0.00164183034592435,0.00164224567538412,0.0015902160568267,0.00174878873016639,0.0017330963976703,0.00178416944179665,0.00185915181824817,0.00199000546985914,0.00219685101139787,0.00239001608597238,0.00272575780306336,NA,0.0027133427959143,0.00312455662641496,0.00265835968257126
"40",0.00216210717764507,0.00215565896492943,0.00205861007481946,0.00220040462601431,0.00192817584192102,0.00201284282647859,0.00178026523919887,0.00176838816553458,0.00171286545558578,0.00187873800465741,0.00187335717761536,0.00189122708953201,0.00196919600953926,0.00206746251387098,0.00226841710635171,0.00248575924477162,0.00280319507800906,NA,0.00283096148731877,0.00321252962173127,0.00280877026110491
"41",0.00237690102814641,0.00236442040525594,0.00228620804885635,0.00222891693572963,0.00213225218591465,0.00221874370266818,0.001982074525653,0.00193010503188082,0.00185640180933383,0.00202856262363024,0.00203423392647304,0.00205557560632387,0.00210241048133254,0.00220572272120118,0.00236317640531301,0.00256402619327051,0.00287372188319011,NA,0.00290685571040639,0.00330888146957245,0.00289199892053445
"42",0.00248918591727426,0.00248132299758124,0.00241114374184346,0.00234871192682595,0.00233227087819515,0.00235604945905101,0.00216862764588181,0.00211980553068945,0.00200863703705786,0.00213228184670334,0.00213605528569979,0.00216983739496477,0.00222041301508693,0.0022801233990011,0.00242209941361831,0.00257105943469159,0.0028558272983761,NA,0.00292512119936032,0.00335580576682336,0.00296282308885913
"43",0.00272219829312098,0.0027150337031127,0.00263813692796667,0.00258237105899534,0.00257153107993263,0.00261557863050009,0.00237990673115985,0.00232702646914082,0.00221551255486542,0.00231832266172423,0.00230037145027713,0.00234297805413091,0.00240262585184218,0.00247647449901614,0.00259514354269288,0.00274628672492741,0.00299869683769979,NA,0.00309900513679895,0.00358012706696187,0.00316824755684322
"44",0.00285921571146785,0.00288148672884131,0.00280570170600335,0.00275535942391889,0.00274491906055315,0.00286502003024319,0.00257784546007948,0.0025186705499861,0.00240627019415136,0.00254277422023195,0.00248382235371213,0.00250570022711954,0.00258106459728398,0.00268058227707774,0.00283048608074048,0.0029332291579293,0.00320745601415874,NA,0.00329277582318705,0.00381148468010228,0.00339694048322096
"45",0.00304698373910814,0.00305585867827735,0.0030087655370582,0.00296865095130662,0.00300847959955055,0.00307783892673275,0.00285619823371386,0.00277724067984149,0.00264823357548548,0.00276517397747164,0.00271678680524764,0.00269406811411034,0.00274614107217812,0.00285201609607419,0.00300916063971254,0.00315380486031533,0.00339339914882368,NA,0.00346047716012389,0.00398782539035089,0.00356899276938408
"46",0.003329351533511,0.00334510921778857,0.00328729144533595,0.0032581254687864,0.0032945115512487,0.00338231180310789,0.00314078091507206,0.00309101715289026,0.00293975705523725,0.00306550862621777,0.00300386839151277,0.00299872058805882,0.00300463460225939,0.00309106502048738,0.00326150520007368,0.00341660828434547,0.00368373650037688,NA,0.0036911508675461,0.00422002166301624,0.0037852860911711
"47",0.003540729991997,0.00357124521141833,0.00351474001307654,0.00349795957115239,0.00357013341856837,0.00363674650735287,0.00341231617357301,0.003362242727263,0.00323924455008685,0.00334733568889989,0.0032797546859587,0.0032672525448368,0.00329253595988475,0.00332259639753601,0.00345916939261008,0.00362912914544367,0.0039040382373116,NA,0.00390488018788044,0.00445417562911489,0.0039708406804295
"48",0.00386296060851471,0.00388616401715264,0.00382474548106203,0.00390735863694198,0.00390090996211695,0.00397420958807262,0.00375388866058966,0.00370679883905402,0.00357370506650982,0.00368649182671095,0.00359641940080403,0.00356939565972244,0.00358389034052912,0.00362973498493686,0.0037120400780679,0.00383540560663562,0.00409456260167509,NA,0.0041566106501495,0.00466380229998481,0.00419705741698348
"49",0.00398230504038668,0.00404548888463519,0.00400730257947939,0.00405911124256211,0.00409045837705787,0.00426746981703582,0.00395477642135632,0.00390505788640543,0.00378903789760173,0.00402111476181607,0.00397165987967916,0.00393050521345075,0.00395338586876794,0.0040070153385262,0.00413673112796711,0.0042138632097201,0.00451206341597108,NA,0.00463469808244327,0.00528891750273203,0.00462190999854184
"50",0.00414184175055214,0.00423489294841314,0.00422958665079845,0.00444477970097852,0.00449156504775674,0.00459551877198894,0.00429988552993855,0.00427504316847383,0.00414838704592551,0.00437770900345289,0.00433332997979067,0.0043457375429419,0.00433851531489313,0.00439860732217201,0.00451892984669526,0.0046335375067633,0.00486481715934854,NA,0.00501290691358183,0.00578085988408566,0.00506565201832598
"51",0.0045437130628802,0.00461095237432507,0.00459283345614529,0.00486264355967508,0.00478009876568,0.0050768682203395,0.00462297470942601,0.00457141420645469,0.00446808239515974,0.00468052294433083,0.00466624795420304,0.00467747077279205,0.00473412249630885,0.00475541268435517,0.00485455420984665,0.00494888106347909,0.00518018846960773,NA,0.00520382839076568,0.00594445300383728,0.00528952300962584
"52",0.00483648658112829,0.00487181063922045,0.00485954560791605,0.00526991231675876,0.0052282993117625,0.00545555191355243,0.00506988539358377,0.00500945103868162,0.00486894435675073,0.0051209498954925,0.00509074674017766,0.00510648963162762,0.00514646978511974,0.00522632850592059,0.00530615155341611,0.00538975481775743,0.00561319334796292,NA,0.00561150398391038,0.00639827119928686,0.00569955907377993
"53",0.00523455862039456,0.00523621526389785,0.00518466500748687,0.00565546170777424,0.00556678400537872,0.0059101480206456,0.00540268755854742,0.00537400782713268,0.00522223068603407,0.00543818176789306,0.0054390391586681,0.0054643917811712,0.00554786415112485,0.005638972455638,0.00579130884486151,0.00584095964528761,0.00607760120918626,NA,0.00606041196461111,0.00678583432221854,0.00603478059663176
"54",0.00554037705121176,0.00554597601989446,0.00549013710301661,0.00599189441257267,0.00598943410393018,0.00635680939522895,0.00580773672105672,0.00577316680848861,0.0056458569198488,0.00592180298413501,0.00588658093045614,0.00595321373143063,0.00603370851051717,0.0061637529990701,0.0063283482537582,0.00645125799342265,0.00667618893094937,NA,0.00668047426073545,0.00748561548805314,0.00654165448655614
"55",0.00619710164008916,0.00614599814844065,0.00600688166557376,0.00642922535676714,0.00651357695329251,0.00694251836111755,0.00635827080913579,0.00630675160755046,0.00617309253857887,0.00641388481499514,0.00639677814357219,0.00642486763267003,0.00656388388132769,0.00668190621057533,0.00688125300654583,0.00702499189626001,0.00734116030742599,NA,0.00729935758477887,0.00805299003033089,0.00713108538299117
"56",0.00695433498583147,0.00674343167925506,0.00655850941759764,0.00689621594900752,0.00699469152359687,0.00735991523417494,0.00685998038495262,0.00680009239990513,0.00664778864086848,0.00681293694305156,0.0068419847117417,0.00687493607412591,0.00696913550597224,0.00712766013702566,0.00729857524343052,0.00744285966846773,0.0077569479628684,NA,0.00776104269194925,0.00859139231207855,0.00762316188701806
"57",0.00746474921194824,0.00746583319089261,0.0071585733713652,0.00733910283032984,0.00751187455883346,0.00798704731097395,0.00736904367041833,0.00734756677606701,0.0071870390739837,0.00738819994772583,0.00740167103635041,0.0074691184302697,0.00756855651353251,0.00770002693682796,0.00793770308345237,0.00811177482754754,0.00848220499397275,NA,0.00850669543826261,0.00926589537935981,0.00824136304635124
"58",0.00855454340229857,0.00838478873526567,0.0082178612378385,0.00821512091438554,0.00833958184071896,0.00847992596768945,0.00814602130140895,0.00814188047850572,0.00799433443052278,0.00786994204182189,0.00778482906447273,0.00784695236659682,0.00796288493085904,0.00806816353814352,0.00821295738182821,0.00837708734409959,0.0086916624169228,NA,0.0088422973267906,0.00981179181494444,0.00883552611084765
"59",0.00901554736128798,0.00890439612994957,0.00862189461609783,0.00842026477664844,0.0087526274468378,0.00934635770174709,0.00853594829608392,0.00847569641551277,0.00837540490728298,0.00847712715278482,0.00845416309952324,0.008484467885373,0.00860898428039852,0.00876672048057752,0.0089636031839245,0.00912620524390766,0.00951989177583653,NA,0.00970737473388636,0.0106592268777708,0.00961936185491018
"60",0.00999189650444361,0.0097871675263417,0.00946932633202981,0.00938916492172861,0.00947843690378613,0.00991250593098319,0.00933835433899109,0.00931590710072528,0.00913651724388967,0.00934428857255912,0.00927251359731324,0.00928409890587045,0.00938138216482503,0.00952071577244069,0.00973737096839186,0.00990606760674108,0.0102451577236988,NA,0.0106618965871985,0.0117131809513107,0.0105550865714441
"61",0.0111368504011686,0.0109769800451581,0.0105860547366394,0.0103118584871051,0.010456308017635,0.0105840585351759,0.0100633778187624,0.0099319254706466,0.0097545313988852,0.00955717170018268,0.00941710000661663,0.009450926430339,0.00959719616672177,0.00971576686303631,0.00992927574308711,0.0101225196881681,0.0104397132548921,NA,0.0109255276524782,0.0121229566227693,0.0110801184458929
"62",0.0121539841187803,0.0120008179683924,0.0116277544276689,0.0113723999708639,0.011543686498499,0.0115411435569768,0.0109175115930257,0.0109494898452487,0.0106873488423893,0.0108633094079946,0.010647787614707,0.0106320983879434,0.0107236440538169,0.0108120426602359,0.0109123464842272,0.0109847522163718,0.011314974384251,NA,0.0119503128438258,0.0134075033264607,0.0122023252704269
"63",0.0130410298270812,0.0128941608838749,0.0125271563671242,0.0121682853796886,0.0123594161703078,0.0127342928619817,0.0118420416972893,0.0115097729753116,0.0113863037006304,0.0113264434587398,0.0111306104155584,0.0110619728713498,0.0111515453290352,0.0113337283571445,0.0114419963947686,0.0115845079898723,0.0119618738733535,NA,0.0126295235107958,0.0139997943493915,0.0128805291697893
"64",0.014041994116974,0.0138744206655017,0.013515927389356,0.0131191430646338,0.0132261280565071,0.0142084828517571,0.0127070871133603,0.0125059480475829,0.0120846881913635,0.0120409988640093,0.0117916136637975,0.0117067314130145,0.0116742330237501,0.01177816649722,0.0119847193916962,0.0121833720717053,0.0124879441975972,NA,0.0131887396099905,0.0146921376114255,0.0135494111434972
"65",0.0152745319188302,0.014979835155469,0.0145066542488724,0.0140106279935037,0.0143305815301469,0.0150532344386997,0.0137564924932271,0.0134696394247991,0.0131691925336804,0.0130650638033544,0.0130044844113129,0.0129300645173917,0.0129692775365029,0.0130737446620589,0.0133155773572729,0.013509597400354,0.0138570659977546,NA,0.0145493731518319,0.016147009763224,0.0147837909513497
