Census_Division,Year,rate_health_care_coverage,rate_alochol_consum,socio_score,rate_health_care_coverage_pw,rate_alochol_consum_pw
East North Central,2005,86.685898781729,56.66724966797423,111.25366600949933,0.08668583999200329,0.05666721123667097
East North Central,2006,86.63605596365004,56.88665933202739,111.25366600949933,-0.04284119880362541,0.1883636667884023
East North Central,2007,87.11530700075076,57.49085955061046,111.25366600949933,0.4792735702703963,0.4854280830588495
East North Central,2008,87.06342144614794,56.74243663820752,111.25366600949933,-0.3206247150541209,-1.010232947386995
East North Central,2009,86.69018564206434,55.57850892593629,111.25366600949933,-0.18371725333667183,-0.5668507883790505
East North Central,2010,86.8329240960298,56.09305073601386,110.64836606635828,0.2513726873684679,0.8495899784244322
East North Central,2011,84.25926728551008,58.36025423536609,110.64836606635828,-2.7216454426549967,1.7597932182316212
East North Central,2012,84.81265100783727,56.56846750524473,110.64836606635828,2.1765702323505014,-2.8409884829215994
East North Central,2013,85.312203985642,55.79087076567971,110.64836606635828,-0.7994457713221208,0.9179439413851991
East North Central,2014,88.88493571197768,55.554570254485405,110.64836606635828,4.049824841869697,-0.784226334917558
East North Central,2015,90.67770872276095,56.198550014956965,111.475449856404,-0.6248168334173746,1.1121222113513287
East North Central,2016,91.4562000837385,57.043039758696416,111.475449856404,1.1514868321875538,0.18058024534987652
East North Central,2017,91.02945262145064,57.20989143031083,111.475449856404,-1.1141591593917584,0.05904901758548295
East North Central,2018,90.743436285675,55.30628725348361,111.475449856404,0.37911447829597805,-1.938854339710648
East North Central,2019,89.58069642914671,55.392025402691814,111.475449856404,-1.3890636652488135,1.2431966613192011
East South Central,2005,83.6572129441147,36.368794196697245,97.48647764709776,0.08365715961411063,0.03636877101222965
East South Central,2006,83.88913036164182,33.318033635209375,97.48647764709776,0.2053484088668618,-2.70185433146555
East South Central,2007,84.26894215151043,34.75612687072994,97.48647764709776,0.27210982621730484,2.8548600596430496
East South Central,2008,83.62083759986946,36.63155888966108,97.48647764709776,-0.8244883524986903,1.2075845280550652
East South Central,2009,83.68041782553415,33.395991127175854,97.48647764709776,0.36055862396867155,-4.10651446970509
East South Central,2010,82.66284539914103,34.87374227341327,98.91119651692284,-1.0452413585827571,2.980342048108298
East South Central,2011,80.54434840689383,40.54145630280663,98.91119651692284,-1.645938485631774,4.981449487722912
East South Central,2012,81.19124068222747,39.47806034749154,98.91119651692284,1.6307178478033109,-3.695470496826495
East South Central,2013,81.64481993094164,38.530961826638624,98.91119651692284,0.15316382899187886,-0.453259663243756
East South Central,2014,86.1319515725039,39.35096594131981,98.91119651692284,4.276490387097596,1.2598346869563528
East South Central,2015,87.49784481506062,40.2923368556648,100.1570907944848,-0.7179213071746062,0.5605627184844195
East South Central,2016,88.79096386156169,42.68365879606488,100.1570907944848,0.6588010813547669,1.954151256608199
East South Central,2017,86.92871263094534,43.90827477284952,100.1570907944848,-2.462773011317992,0.11409106899242971
East South Central,2018,88.21193232882156,42.443874473633855,100.1570907944848,2.148045274569654,-2.0331093976117245
East South Central,2019,86.69347395083516,42.71466986570475,100.1570907944848,-2.114382921890652,0.9508598283070668
Middle Atlantic,2005,87.0211928699415,57.03751773214606,124.05004989706958,0.08702111707058979,0.057037468049916655
Middle Atlantic,2006,87.27566661121746,56.504455788420024,124.05004989706958,0.19272530023801507,-0.40391981758292284
Middle Atlantic,2007,87.18957784574496,56.31779042053086,124.05004989706958,-0.2521760035645942,0.16124788053785902
Middle Atlantic,2008,87.67554586018743,55.057065521503695,124.05004989706958,0.5421555221090131,-1.1388941150475276
Middle Atlantic,2009,88.13801785525854,55.81341876805624,124.05004989706958,0.14529551580201883,1.5791898796570436
Middle Atlantic,2010,88.54742030918041,56.52699285591439,124.16601830596603,0.10756110881710867,0.21992542643234714
Middle Atlantic,2011,85.79409457360404,59.47949007737971,124.16601830596603,-3.0205302121673725,2.486769210241846
Middle Atlantic,2012,85.3605116106372,56.830096244768,124.16601830596603,1.3634286450769366,-4.576398585857696
Middle Atlantic,2013,86.00905944214863,55.77728692670619,124.16601830596603,0.9315341877691736,0.6763691114879293
Middle Atlantic,2014,88.35969181302477,54.91727250270659,124.16601830596603,1.927345010961318,-0.1728779398677318
Middle Atlantic,2015,90.20897183149155,55.27675261461973,122.51320932073996,0.3150940694062996,0.9207852575568864
Middle Atlantic,2016,91.07808563955362,57.709104838793664,122.51320932073996,-0.3378547742486546,2.1977305353480148
Middle Atlantic,2017,90.83150982612932,56.657765803132115,122.51320932073996,-0.8138198491074604,-2.6388610368593675
Middle Atlantic,2018,90.30759322457284,55.79597855977847,122.51320932073996,-0.3629840997239171,-0.1756103676350662
Middle Atlantic,2019,89.93036705001155,55.17782481774454,122.51320932073996,-0.03528181161188115,-0.05569153134806726
Mountain,2005,80.90961781917282,53.77514353709443,117.56792795903227,0.08090950645629204,0.05377506952172938
Mountain,2006,81.28866529764298,51.69793552535108,117.56792795903227,0.22836506467247814,-1.25203463431268
Mountain,2007,81.72525646534622,51.94249892551499,117.56792795903227,0.14450025399751154,1.4331137322225609
Mountain,2008,82.36756817215077,51.74281921388483,117.56792795903227,0.29731729680362423,0.8356226514593634
Mountain,2009,83.2734001180857,50.56967981704399,117.56792795903227,0.4632387344509823,-1.2396092368997458
Mountain,2010,83.62164358483624,49.89237761235725,116.6188131623238,-0.29020574393460663,-0.18967200838738307
Mountain,2011,79.73829013988467,53.84523840886557,116.6188131623238,-4.482364540515533,4.802031197985471
Mountain,2012,79.934247341295,51.36125504844208,116.6188131623238,1.2685745051956587,-3.4025723278656983
Mountain,2013,80.71719931982136,51.51137707059002,116.6188131623238,2.803188975864771,-1.1653395808085136
Mountain,2014,85.51498888972893,50.75496137948621,116.6188131623238,4.438705870437431,0.527790716407992
Mountain,2015,87.29597982773295,49.79820892975247,119.4739984214663,-0.19519917190287117,-0.7919799266817193
Mountain,2016,87.90424254121496,51.768611275012894,119.4739984214663,-2.5438381617021406,2.686594272115528
Mountain,2017,87.28922152130657,51.87357541570271,119.4739984214663,-1.767970575084334,-0.020704619530270918
Mountain,2018,87.65366522864855,51.019344273530905,119.4739984214663,0.23752144859047064,-1.9455838660863378
Mountain,2019,86.28443286939714,50.73978833955248,119.4739984214663,-1.157414184463974,-0.0588275097762434
New England,2005,89.58901952978276,64.57698626639946,130.64201062298477,0.08958893255619786,0.06457692357465411
New England,2006,90.3282379425917,62.75144367970514,130.64201062298477,0.5304203757881538,-1.3101811212855112
New England,2007,91.4530675139257,64.42034265844214,130.64201062298477,0.6100421192360209,2.940196339067116
New England,2008,92.72830092320766,63.73494257776129,130.64201062298477,0.4919085636934568,-1.8476117331283959
New England,2009,91.92769588044676,63.80302621256684,130.64201062298477,-1.6886702562584333,0.5453923098690439
New England,2010,92.23599221819464,64.54988527020349,130.68782279565605,0.8658330859632457,0.6994460058461343
New England,2011,90.07709179997316,64.05669692141998,130.68782279565605,-2.3735962150926895,-1.013296702003423
New England,2012,90.81317826923014,62.88875064563779,130.68782279565605,2.2395323066016317,-0.824492745574311
New England,2013,90.99613427352682,62.8081678477812,130.68782279565605,-0.3296503803191513,0.7327682727840283
New England,2014,92.86821056603794,61.63656007118428,130.68782279565605,1.7446667831352016,-1.115490379529163
New England,2015,93.54700488068268,61.09263504377567,130.43119641447308,-0.6249088508241556,0.27197589134537736
New England,2016,93.52333642364358,61.999167757763054,130.43119641447308,-0.49637691461889233,1.28531897544854
New England,2017,93.34165391928444,62.322670540645355,130.43119641447308,-0.16519992697323005,-0.3078013864799303
New England,2018,92.78535928345208,62.032386618889255,130.43119641447308,-0.4297719844901877,-0.5155693995802579
New England,2019,92.60816562381716,60.663866680794825,130.43119641447308,0.21020672600597834,-1.1663678841466094
Pacific,2005,83.34216998815648,56.871543459630786,125.45210633789898,0.08334212831710273,0.05687151502388038
Pacific,2006,83.23497045970649,55.04873435452354,125.45210633789898,-0.10719952845044377,-1.822809105115098
Pacific,2007,84.66902275164304,55.590481125189214,125.45210633789898,1.4340522919365526,0.5417467706656751
Pacific,2008,83.48041079855143,53.461115116946736,125.45210633789898,-1.188611953091609,-2.129366008242478
Pacific,2009,83.52498783551484,54.16175013222222,125.45210633789898,0.044577036963403316,0.7006350152754806
Pacific,2010,82.96715729952817,54.441240804698154,121.42318328877744,-0.5578305359866675,0.2794906724759372
Pacific,2011,81.85991062499909,57.29120337248802,121.42318328877744,-1.1072466745290797,2.8499625677898663
Pacific,2012,79.62103811421191,56.038788277736245,121.42318328877744,-2.238872510787175,-1.2524150947517754
Pacific,2013,82.82407069790699,56.183403572577234,121.42318328877744,3.2030325836950766,0.1446152948409889
Pacific,2014,86.22992075716867,54.79053099106644,121.42318328877744,3.405850059261681,-1.3928725815107939
Pacific,2015,89.11643555077474,54.98509397890933,126.26255362293364,2.886514793606068,0.19456298784289316
Pacific,2016,89.71899458087563,54.83710346711026,126.26255362293364,0.6025590301008918,-0.14799051179907252
Pacific,2017,89.81004519587715,57.2222197494623,126.26255362293364,0.0910506150015209,2.385116282352037
Pacific,2018,89.02596048708743,54.44651958087563,126.26255362293364,-0.7840847087897203,-2.775700168586667
Pacific,2019,88.22270145200419,54.68728259615829,126.26255362293364,-0.8032590350832436,0.24076301528265986
South Atlantic,2005,83.13199996568127,50.87740789037885,116.77174237384104,0.08313193378381191,0.0508773673865781
South Atlantic,2006,83.84629278231442,49.558744940081986,116.77174237384104,0.5660133433197916,-1.045080022127464
South Atlantic,2007,83.59888550660278,51.0417767705337,116.77174237384104,-0.6830342812571272,2.287247103227461
South Atlantic,2008,84.43642707750377,49.141218253329825,116.77174237384104,0.9884282775181106,-2.805017725453048
South Atlantic,2009,83.46373710489893,48.90815791051851,116.77174237384104,-1.4834829107861651,0.9260365938861668
South Atlantic,2010,84.07697004804501,50.34692517493512,115.4065589494856,1.206449072719053,1.5809041820505314
South Atlantic,2011,79.49758015915238,53.069816423290895,115.4065589494856,-4.953383333160971,1.8454277481740462
South Atlantic,2012,80.12624682008602,51.142716390376734,115.4065589494856,3.4215071570884135,-3.58771446617709
South Atlantic,2013,80.23569368675784,50.470577414883806,115.4065589494856,-0.273959165973821,0.5031448816685185
South Atlantic,2014,84.01558825373355,50.536141501288355,115.4065589494856,3.7131460155672187,0.4754826553287117
South Atlantic,2015,85.74618815220491,50.789094614466485,116.76612526731672,-0.5746509917073723,0.21296742948516112
South Atlantic,2016,86.10984602528497,51.39147816593316,116.76612526731672,-0.6917861044714755,0.448114595284153
South Atlantic,2017,85.76482241805401,51.73826214609207,116.76612526731672,-0.5668082683594946,-0.02059272668893186
South Atlantic,2018,85.72958331325043,50.86028031834125,116.76612526731672,0.1751810441208903,-1.0894755783822418
South Atlantic,2019,85.62915004688696,51.175858443141976,116.76612526731672,-0.0789419320740734,0.8510344329386186
West North Central,2005,88.93091205107936,55.91340489561031,113.2728684288463,0.08893086758565669,0.05591337693892883
West North Central,2006,88.4729771847726,54.46643570354977,113.2728684288463,-0.45793486630873015,-1.446969192066768
West North Central,2007,88.64998128160816,55.29807830658522,113.2728684288463,0.17700409683556018,0.8316426030354478
West North Central,2008,88.70706707546597,56.42075068075754,113.2728684288463,0.05708579385780865,1.1226723741723248
West North Central,2009,88.92252152474772,55.623375227174456,113.2728684288463,0.21545444928175073,-0.7973754535830864
West North Central,2010,88.00176827118605,54.35429039801014,114.248644192982,-0.9207532535616707,-1.2690848291643135
West North Central,2011,85.53454330617681,57.86239965641957,114.248644192982,-2.467224965009237,3.5081092584094264
West North Central,2012,86.04101748478182,55.7439353178058,114.248644192982,0.5064741786050035,-2.1184643386137694
West North Central,2013,86.80628122599128,55.73423558389987,114.248644192982,0.7652637412094663,-0.009699733905932817
West North Central,2014,89.42342019763944,54.68144406910808,114.248644192982,2.61713897164816,-1.0527915147917852
West North Central,2015,90.52998780158444,56.180215225812034,114.18060432248112,1.1065676039449954,1.4987711567039526
West North Central,2016,90.69539909535426,58.217176618430855,114.18060432248112,0.16541129376982155,2.036961392618821
West North Central,2017,89.6722512492991,57.60790986002913,114.18060432248112,-1.023147846055167,-0.6092667584017235
West North Central,2018,89.67127491441431,56.93559874570035,114.18060432248112,-9.763348847826592e-4,-0.6723111143287852
West North Central,2019,89.24728315162672,57.175417039393096,114.18060432248112,-0.423991762787594,0.23981829369274976
West South Central,2005,73.87768987765959,47.3690345069704,100.83547582087662,0.07387765293884235,0.04736901082247091
West South Central,2006,75.93031307709788,46.80262818238606,100.83547582087662,2.052623199447128,-0.5664063245867819
West South Central,2007,75.98257707502174,46.7979113829465,100.83547582087662,0.05226399792385905,-0.004716799439556496
West South Central,2008,76.45582150320895,46.94695023692006,100.83547582087662,0.4732444281872148,0.14903885397355765
West South Central,2009,76.48866277696183,49.168322828802125,100.83547582087662,0.032841273752879374,2.2213725918820657
West South Central,2010,77.73293292926857,47.83326439147567,103.43470531714314,1.2442701523067399,-1.3350584373264525
West South Central,2011,72.39143710876503,51.85508149595537,103.43470531714314,-5.341495820503539,4.021817104479695
West South Central,2012,72.23150102581852,47.91635197971744,103.43470531714314,-0.1599360829465155,-3.9387295162379274
West South Central,2013,74.16198083376324,47.780114415524245,103.43470531714314,1.930479807944721,-0.13623756419319477
West South Central,2014,77.62178441602515,46.908646253925966,103.43470531714314,3.4598035822619124,-0.8714681615982798
West South Central,2015,79.3852444934467,48.20704706998821,104.16307841952104,1.7634600774215556,1.298400816062241
West South Central,2016,80.79996623030306,48.92734505892536,104.16307841952104,1.4147217368563503,0.7202979889371548
West South Central,2017,79.35167674248557,49.81887817620385,104.16307841952104,-1.4482894878174903,0.8915331172784917
West South Central,2018,80.28780583903047,50.00394219202569,104.16307841952104,0.936129096544903,0.18506401582183685
West South Central,2019,79.16262169231736,50.2220652273726,104.16307841952104,-1.12518414671311,0.21812303534691324
