state_fips,state_name,year,population
01,Alabama,2004,4512190
01,Alabama,2005,4545049
01,Alabama,2006,4597688
01,Alabama,2007,4637904
01,Alabama,2008,4677464
01,Alabama,2009,4708708
01,Alabama,2010,4785437
01,Alabama,2011,4799069
01,Alabama,2012,4815588
01,Alabama,2013,4830081
01,Alabama,2014,4841799
01,Alabama,2015,4852347
01,Alabama,2016,4863525
01,Alabama,2017,4874486
01,Alabama,2018,4887681
01,Alabama,2019,4903185
01,Alabama,2020,5032962
01,Alabama,2021,5050058
01,Alabama,2022,5076868
01,Alabama,2023,5117850
01,Alabama,2024,5163055
01,Alabama,2025,5193088
02,Alaska,2004,661569
02,Alaska,2005,669488
02,Alaska,2006,677325
02,Alaska,2007,682297
02,Alaska,2008,688125
02,Alaska,2009,698473
02,Alaska,2010,713910
02,Alaska,2011,722128
02,Alaska,2012,730443
02,Alaska,2013,737068
02,Alaska,2014,736283
02,Alaska,2015,737498
02,Alaska,2016,741456
02,Alaska,2017,739700
02,Alaska,2018,735139
02,Alaska,2019,731545
02,Alaska,2020,732906
02,Alaska,2021,734590
02,Alaska,2022,733659
02,Alaska,2023,734654
02,Alaska,2024,736537
02,Alaska,2025,737270
04,Arizona,2004,5759425
04,Arizona,2005,5974834
04,Arizona,2006,6192100
04,Arizona,2007,6362241
04,Arizona,2008,6499377
04,Arizona,2009,6595778
04,Arizona,2010,6407172
04,Arizona,2011,6472643
04,Arizona,2012,6554978
04,Arizona,2013,6632764
04,Arizona,2014,6730413
04,Arizona,2015,6829676
04,Arizona,2016,6941072
04,Arizona,2017,7044008
04,Arizona,2018,7158024
04,Arizona,2019,7278717
04,Arizona,2020,7186647
04,Arizona,2021,7274022
04,Arizona,2022,7370065
04,Arizona,2023,7452073
04,Arizona,2024,7556424
04,Arizona,2025,7623818
05,Arkansas,2004,2746161
05,Arkansas,2005,2776221
05,Arkansas,2006,2815097
05,Arkansas,2007,2842194
05,Arkansas,2008,2867764
05,Arkansas,2009,2889450
05,Arkansas,2010,2921964
05,Arkansas,2011,2940667
05,Arkansas,2012,2952164
05,Arkansas,2013,2959400
05,Arkansas,2014,2967392
05,Arkansas,2015,2978048
05,Arkansas,2016,2989918
05,Arkansas,2017,3001345
05,Arkansas,2018,3009733
05,Arkansas,2019,3017804
05,Arkansas,2020,3014399
05,Arkansas,2021,3027127
05,Arkansas,2022,3047429
05,Arkansas,2023,3069856
05,Arkansas,2024,3096080
05,Arkansas,2025,3114791
06,California,2004,35558419
06,California,2005,35795255
06,California,2006,35979208
06,California,2007,36226122
06,California,2008,36580371
06,California,2009,36961664
06,California,2010,37319502
06,California,2011,37638369
06,California,2012,37948800
06,California,2013,38260787
06,California,2014,38596972
06,California,2015,38918045
06,California,2016,39167117
06,California,2017,39358497
06,California,2018,39461588
06,California,2019,39512223
06,California,2020,39527808
06,California,2021,39152927
06,California,2022,39125347
06,California,2023,39181667
06,California,2024,39364774
06,California,2025,39355309
08,Colorado,2004,4599681
08,Colorado,2005,4660780
08,Colorado,2006,4753044
08,Colorado,2007,4842259
08,Colorado,2008,4935213
08,Colorado,2009,5024748
08,Colorado,2010,5047349
08,Colorado,2011,5121108
08,Colorado,2012,5192647
08,Colorado,2013,5269035
08,Colorado,2014,5350101
08,Colorado,2015,5450623
08,Colorado,2016,5539215
08,Colorado,2017,5611885
08,Colorado,2018,5691287
08,Colorado,2019,5758736
08,Colorado,2020,5786873
08,Colorado,2021,5814368
08,Colorado,2022,5853355
08,Colorado,2023,5912240
08,Colorado,2024,5988502
08,Colorado,2025,6012561
09,Connecticut,2004,3474610
09,Connecticut,2005,3477416
09,Connecticut,2006,3485162
09,Connecticut,2007,3488633
09,Connecticut,2008,3502932
09,Connecticut,2009,3518288
09,Connecticut,2010,3579114
09,Connecticut,2011,3588283
09,Connecticut,2012,3594547
09,Connecticut,2013,3594841
09,Connecticut,2014,3594524
09,Connecticut,2015,3587122
09,Connecticut,2016,3578141
09,Connecticut,2017,3573297
09,Connecticut,2018,3571520
09,Connecticut,2019,3565287
09,Connecticut,2020,3579643
09,Connecticut,2021,3607765
09,Connecticut,2022,3618707
09,Connecticut,2023,3641369
09,Connecticut,2024,3674449
09,Connecticut,2025,3688496
10,Delaware,2004,826639
10,Delaware,2005,839906
10,Delaware,2006,853022
10,Delaware,2007,864896
10,Delaware,2008,876211
10,Delaware,2009,885122
10,Delaware,2010,899593
10,Delaware,2011,907381
10,Delaware,2012,915179
10,Delaware,2013,923576
10,Delaware,2014,932487
10,Delaware,2015,941252
10,Delaware,2016,948921
10,Delaware,2017,956823
10,Delaware,2018,965479
10,Delaware,2019,973764
10,Delaware,2020,991890
10,Delaware,2021,1005130
10,Delaware,2022,1020279
10,Delaware,2023,1035354
10,Delaware,2024,1050123
10,Delaware,2025,1059952
11,District of Columbia,2004,579796
11,District of Columbia,2005,582049
11,District of Columbia,2006,583978
11,District of Columbia,2007,586409
11,District of Columbia,2008,590074
11,District of Columbia,2009,599657
11,District of Columbia,2010,605226
11,District of Columbia,2011,619800
11,District of Columbia,2012,634924
11,District of Columbia,2013,650581
11,District of Columbia,2014,662328
11,District of Columbia,2015,675400
11,District of Columbia,2016,685815
11,District of Columbia,2017,694906
11,District of Columbia,2018,701547
11,District of Columbia,2019,705749
11,District of Columbia,2020,670958
11,District of Columbia,2021,669637
11,District of Columbia,2022,674501
11,District of Columbia,2023,682559
11,District of Columbia,2024,691310
11,District of Columbia,2025,693645
12,Florida,2004,17375259
12,Florida,2005,17783868
12,Florida,2006,18088505
12,Florida,2007,18277888
12,Florida,2008,18423878
12,Florida,2009,18537969
12,Florida,2010,18845537
12,Florida,2011,19053237
12,Florida,2012,19297822
12,Florida,2013,19545621
12,Florida,2014,19845911
12,Florida,2015,20209042
12,Florida,2016,20613477
12,Florida,2017,20963613
12,Florida,2018,21244317
12,Florida,2019,21477737
12,Florida,2020,21591325
12,Florida,2021,21836698
12,Florida,2022,22413989
12,Florida,2023,22929248
12,Florida,2024,23265838
12,Florida,2025,23462518
13,Georgia,2004,8913676
13,Georgia,2005,9097428
13,Georgia,2006,9330086
13,Georgia,2007,9533761
13,Georgia,2008,9697838
13,Georgia,2009,9829211
13,Georgia,2010,9711881
13,Georgia,2011,9802431
13,Georgia,2012,9901430
13,Georgia,2013,9972479
13,Georgia,2014,10067278
13,Georgia,2015,10178447
13,Georgia,2016,10301890
13,Georgia,2017,10410330
13,Georgia,2018,10511131
13,Georgia,2019,10617423
13,Georgia,2020,10732595
13,Georgia,2021,10793038
13,Georgia,2022,10929992
13,Georgia,2023,11063669
13,Georgia,2024,11204208
13,Georgia,2025,11302748
15,Hawaii,2004,1252782
15,Hawaii,2005,1266117
15,Hawaii,2006,1275599
15,Hawaii,2007,1276832
15,Hawaii,2008,1287481
15,Hawaii,2009,1295178
15,Hawaii,2010,1363963
15,Hawaii,2011,1379329
15,Hawaii,2012,1394804
15,Hawaii,2013,1408243
15,Hawaii,2014,1414538
15,Hawaii,2015,1422052
15,Hawaii,2016,1427559
15,Hawaii,2017,1424393
15,Hawaii,2018,1420593
15,Hawaii,2019,1415872
15,Hawaii,2020,1451130
15,Hawaii,2021,1446909
15,Hawaii,2022,1437812
15,Hawaii,2023,1434950
15,Hawaii,2024,1434952
15,Hawaii,2025,1432820
16,Idaho,2004,1391718
16,Idaho,2005,1425862
16,Idaho,2006,1464413
16,Idaho,2007,1499245
16,Idaho,2008,1527506
16,Idaho,2009,1545801
16,Idaho,2010,1570746
16,Idaho,2011,1583910
16,Idaho,2012,1595324
16,Idaho,2013,1611206
16,Idaho,2014,1631112
16,Idaho,2015,1651059
16,Idaho,2016,1682380
16,Idaho,2017,1717715
16,Idaho,2018,1750536
16,Idaho,2019,1787065
16,Idaho,2020,1849328
16,Idaho,2021,1904855
16,Idaho,2022,1942951
16,Idaho,2023,1970497
16,Idaho,2024,2000872
16,Idaho,2025,2029733
17,Illinois,2004,12645295
17,Illinois,2005,12674452
17,Illinois,2006,12718011
17,Illinois,2007,12779417
17,Illinois,2008,12842954
17,Illinois,2009,12910409
17,Illinois,2010,12840503
17,Illinois,2011,12867454
17,Illinois,2012,12882510
17,Illinois,2013,12895129
17,Illinois,2014,12884493
17,Illinois,2015,12858913
17,Illinois,2016,12820527
17,Illinois,2017,12778828
17,Illinois,2018,12723071
17,Illinois,2019,12671821
17,Illinois,2020,12795348
17,Illinois,2021,12703354
17,Illinois,2022,12609577
17,Illinois,2023,12633389
17,Illinois,2024,12703033
17,Illinois,2025,12719141
18,Indiana,2004,6214454
18,Indiana,2005,6253120
18,Indiana,2006,6301700
18,Indiana,2007,6346113
18,Indiana,2008,6388309
18,Indiana,2009,6423113
18,Indiana,2010,6490432
18,Indiana,2011,6516528
18,Indiana,2012,6537703
18,Indiana,2013,6568713
18,Indiana,2014,6593644
18,Indiana,2015,6608422
18,Indiana,2016,6634304
18,Indiana,2017,6658078
18,Indiana,2018,6695497
18,Indiana,2019,6732219
18,Indiana,2020,6790290
18,Indiana,2021,6814223
18,Indiana,2022,6841491
18,Indiana,2023,6881373
18,Indiana,2024,6934754
18,Indiana,2025,6973333
19,Iowa,2004,2941358
19,Iowa,2005,2949450
19,Iowa,2006,2964391
19,Iowa,2007,2978719
19,Iowa,2008,2993987
19,Iowa,2009,3007856
19,Iowa,2010,3050745
19,Iowa,2011,3066336
19,Iowa,2012,3076190
19,Iowa,2013,3092997
19,Iowa,2014,3109350
19,Iowa,2015,3120960
19,Iowa,2016,3131371
19,Iowa,2017,3141550
19,Iowa,2018,3148618
19,Iowa,2019,3155070
19,Iowa,2020,3191081
19,Iowa,2021,3199037
19,Iowa,2022,3201890
19,Iowa,2023,3214739
19,Iowa,2024,3230454
19,Iowa,2025,3238387
20,Kansas,2004,2730765
20,Kansas,2005,2741771
20,Kansas,2006,2755700
20,Kansas,2007,2775586
20,Kansas,2008,2797375
20,Kansas,2009,2818747
20,Kansas,2010,2858190
20,Kansas,2011,2869225
20,Kansas,2012,2885257
20,Kansas,2013,2893212
20,Kansas,2014,2900475
20,Kansas,2015,2909011
20,Kansas,2016,2910844
20,Kansas,2017,2908718
20,Kansas,2018,2911359
20,Kansas,2019,2913314
20,Kansas,2020,2938274
20,Kansas,2021,2938966
20,Kansas,2022,2938034
20,Kansas,2023,2949749
20,Kansas,2024,2965252
20,Kansas,2025,2977220
21,Kentucky,2004,4147970
21,Kentucky,2005,4182293
21,Kentucky,2006,4219374
21,Kentucky,2007,4256278
21,Kentucky,2008,4287931
21,Kentucky,2009,4314113
21,Kentucky,2010,4348181
21,Kentucky,2011,4369821
21,Kentucky,2012,4386346
21,Kentucky,2013,4404659
21,Kentucky,2014,4414349
21,Kentucky,2015,4425976
21,Kentucky,2016,4438182
21,Kentucky,2017,4452268
21,Kentucky,2018,4461153
21,Kentucky,2019,4467673
21,Kentucky,2020,4508271
21,Kentucky,2021,4508348
21,Kentucky,2022,4521238
21,Kentucky,2023,4549953
21,Kentucky,2024,4584046
21,Kentucky,2025,4606864
22,Louisiana,2004,4489327
22,Louisiana,2005,4497691
22,Louisiana,2006,4240327
22,Louisiana,2007,4376122
22,Louisiana,2008,4451513
22,Louisiana,2009,4492076
22,Louisiana,2010,4544532
22,Louisiana,2011,4575625
22,Louisiana,2012,4600972
22,Louisiana,2013,4624527
22,Louisiana,2014,4644013
22,Louisiana,2015,4664628
22,Louisiana,2016,4678135
22,Louisiana,2017,4670560
22,Louisiana,2018,4659690
22,Louisiana,2019,4648794
22,Louisiana,2020,4652145
22,Louisiana,2021,4628595
22,Louisiana,2022,4600892
22,Louisiana,2023,4598777
22,Louisiana,2024,4614878
22,Louisiana,2025,4618189
23,Maine,2004,1308253
23,Maine,2005,1311631
23,Maine,2006,1314963
23,Maine,2007,1317308
23,Maine,2008,1319691
23,Maine,2009,1318301
23,Maine,2010,1327629
23,Maine,2011,1328284
23,Maine,2012,1327729
23,Maine,2013,1328009
23,Maine,2014,1330513
23,Maine,2015,1328262
23,Maine,2016,1331317
23,Maine,2017,1334612
23,Maine,2018,1339057
23,Maine,2019,1344212
23,Maine,2020,1364546
23,Maine,2021,1379009
23,Maine,2022,1391585
23,Maine,2023,1401992
23,Maine,2024,1408438
23,Maine,2025,1414874
24,Maryland,2004,5542659
24,Maryland,2005,5582520
24,Maryland,2006,5612196
24,Maryland,2007,5634242
24,Maryland,2008,5658655
24,Maryland,2009,5699478
24,Maryland,2010,5788645
24,Maryland,2011,5839419
24,Maryland,2012,5886992
24,Maryland,2013,5923188
24,Maryland,2014,5957283
24,Maryland,2015,5985562
24,Maryland,2016,6003323
24,Maryland,2017,6023868
24,Maryland,2018,6035802
24,Maryland,2019,6045680
24,Maryland,2020,6178387
24,Maryland,2021,6176035
24,Maryland,2022,6183257
24,Maryland,2023,6204927
24,Maryland,2024,6245314
24,Maryland,2025,6265347
25,Massachusetts,2004,6451279
25,Massachusetts,2005,6453031
25,Massachusetts,2006,6466399
25,Massachusetts,2007,6499275
25,Massachusetts,2008,6543595
25,Massachusetts,2009,6593587
25,Massachusetts,2010,6566307
25,Massachusetts,2011,6613583
25,Massachusetts,2012,6663005
25,Massachusetts,2013,6713315
25,Massachusetts,2014,6762596
25,Massachusetts,2015,6794228
25,Massachusetts,2016,6823608
25,Massachusetts,2017,6859789
25,Massachusetts,2018,6882635
25,Massachusetts,2019,6892503
25,Massachusetts,2020,6985320
25,Massachusetts,2021,6996721
25,Massachusetts,2022,7025465
25,Massachusetts,2023,7073479
25,Massachusetts,2024,7138560
25,Massachusetts,2025,7154084
26,Michigan,2004,10089305
26,Michigan,2005,10090554
26,Michigan,2006,10082438
26,Michigan,2007,10050847
26,Michigan,2008,10002486
26,Michigan,2009,9969727
26,Michigan,2010,9877510
26,Michigan,2011,9882412
26,Michigan,2012,9897145
26,Michigan,2013,9913065
26,Michigan,2014,9929848
26,Michigan,2015,9931715
26,Michigan,2016,9950571
26,Michigan,2017,9973114
26,Michigan,2018,9984072
26,Michigan,2019,9986857
26,Michigan,2020,10072294
26,Michigan,2021,10042362
26,Michigan,2022,10043906
26,Michigan,2023,10062124
26,Michigan,2024,10099962
26,Michigan,2025,10127884
27,Minnesota,2004,5079344
27,Minnesota,2005,5106560
27,Minnesota,2006,5148346
27,Minnesota,2007,5191206
27,Minnesota,2008,5230567
27,Minnesota,2009,5266214
27,Minnesota,2010,5310828
27,Minnesota,2011,5346143
27,Minnesota,2012,5376643
27,Minnesota,2013,5413479
27,Minnesota,2014,5451079
27,Minnesota,2015,5482032
27,Minnesota,2016,5522744
27,Minnesota,2017,5566230
27,Minnesota,2018,5606249
27,Minnesota,2019,5639632
27,Minnesota,2020,5710562
27,Minnesota,2021,5714055
27,Minnesota,2022,5727565
27,Minnesota,2023,5752998
27,Minnesota,2024,5797405
27,Minnesota,2025,5830405
28,Mississippi,2004,2886006
28,Mississippi,2005,2900116
28,Mississippi,2006,2897150
28,Mississippi,2007,2921723
28,Mississippi,2008,2940212
28,Mississippi,2009,2951996
28,Mississippi,2010,2970548
28,Mississippi,2011,2978731
28,Mississippi,2012,2983816
28,Mississippi,2013,2988711
28,Mississippi,2014,2990468
28,Mississippi,2015,2988471
28,Mississippi,2016,2987938
28,Mississippi,2017,2988510
28,Mississippi,2018,2981020
28,Mississippi,2019,2976149
28,Mississippi,2020,2958385
28,Mississippi,2021,2947603
28,Mississippi,2022,2941237
28,Mississippi,2023,2942470
28,Mississippi,2024,2950172
28,Mississippi,2025,2954160
29,Missouri,2004,5758444
29,Missouri,2005,5806639
29,Missouri,2006,5861572
29,Missouri,2007,5909824
29,Missouri,2008,5956335
29,Missouri,2009,5987580
29,Missouri,2010,5995974
29,Missouri,2011,6010275
29,Missouri,2012,6024367
29,Missouri,2013,6040715
29,Missouri,2014,6056202
29,Missouri,2015,6071732
29,Missouri,2016,6087135
29,Missouri,2017,6106670
29,Missouri,2018,6121623
29,Missouri,2019,6137428
29,Missouri,2020,6155074
29,Missouri,2021,6172551
29,Missouri,2022,6179285
29,Missouri,2023,6205956
29,Missouri,2024,6243544
29,Missouri,2025,6270541
30,Montana,2004,925887
30,Montana,2005,934801
30,Montana,2006,946230
30,Montana,2007,957225
30,Montana,2008,968035
30,Montana,2009,974989
30,Montana,2010,990697
30,Montana,2011,997316
30,Montana,2012,1003783
30,Montana,2013,1013569
30,Montana,2014,1021869
30,Montana,2015,1030475
30,Montana,2016,1040859
30,Montana,2017,1052482
30,Montana,2018,1060665
30,Montana,2019,1068778
30,Montana,2020,1087156
30,Montana,2021,1106416
30,Montana,2022,1121533
30,Montana,2023,1130612
30,Montana,2024,1137557
30,Montana,2025,1144694
31,Nebraska,2004,1742184
31,Nebraska,2005,1751721
31,Nebraska,2006,1760435
31,Nebraska,2007,1769912
31,Nebraska,2008,1781949
31,Nebraska,2009,1796619
31,Nebraska,2010,1829542
31,Nebraska,2011,1840672
31,Nebraska,2012,1853303
31,Nebraska,2013,1865279
31,Nebraska,2014,1879321
31,Nebraska,2015,1891277
31,Nebraska,2016,1905616
31,Nebraska,2017,1915947
31,Nebraska,2018,1925614
31,Nebraska,2019,1934408
31,Nebraska,2020,1963318
31,Nebraska,2021,1964697
31,Nebraska,2022,1972595
31,Nebraska,2023,1988172
31,Nebraska,2024,2005591
31,Nebraska,2025,2018006
32,Nevada,2004,2328703
32,Nevada,2005,2408804
32,Nevada,2006,2493405
32,Nevada,2007,2567752
32,Nevada,2008,2615772
32,Nevada,2009,2643085
32,Nevada,2010,2702405
32,Nevada,2011,2712730
32,Nevada,2012,2743996
32,Nevada,2013,2775970
32,Nevada,2014,2817628
32,Nevada,2015,2866939
32,Nevada,2016,2917563
32,Nevada,2017,2969905
32,Nevada,2018,3027341
32,Nevada,2019,3080156
32,Nevada,2020,3116851
32,Nevada,2021,3148472
32,Nevada,2022,3177672
32,Nevada,2023,3211077
32,Nevada,2024,3253543
32,Nevada,2025,3282188
33,New Hampshire,2004,1292766
33,New Hampshire,2005,1301415
33,New Hampshire,2006,1311894
33,New Hampshire,2007,1317343
33,New Hampshire,2008,1321872
33,New Hampshire,2009,1324575
33,New Hampshire,2010,1316762
33,New Hampshire,2011,1320202
33,New Hampshire,2012,1324232
33,New Hampshire,2013,1326622
33,New Hampshire,2014,1333341
33,New Hampshire,2015,1336350
33,New Hampshire,2016,1342307
33,New Hampshire,2017,1348787
33,New Hampshire,2018,1353465
33,New Hampshire,2019,1359711
33,New Hampshire,2020,1378752
33,New Hampshire,2021,1387907
33,New Hampshire,2022,1396647
33,New Hampshire,2023,1401530
33,New Hampshire,2024,1408518
33,New Hampshire,2025,1415342
34,New Jersey,2004,8611530
34,New Jersey,2005,8621837
34,New Jersey,2006,8623721
34,New Jersey,2007,8636043
34,New Jersey,2008,8663398
34,New Jersey,2009,8707739
34,New Jersey,2010,8799446
34,New Jersey,2011,8828117
34,New Jersey,2012,8844942
34,New Jersey,2013,8856972
34,New Jersey,2014,8864525
34,New Jersey,2015,8867949
34,New Jersey,2016,8870827
34,New Jersey,2017,8885525
34,New Jersey,2018,8886025
34,New Jersey,2019,8882190
34,New Jersey,2020,9270476
34,New Jersey,2021,9266509
34,New Jersey,2022,9298402
34,New Jersey,2023,9395315
34,New Jersey,2024,9506354
34,New Jersey,2025,9548215
35,New Mexico,2004,1891829
35,New Mexico,2005,1916538
35,New Mexico,2006,1942608
35,New Mexico,2007,1968731
35,New Mexico,2008,1986763
35,New Mexico,2009,2009671
35,New Mexico,2010,2064552
35,New Mexico,2011,2080450
35,New Mexico,2012,2087309
35,New Mexico,2013,2092273
35,New Mexico,2014,2089568
35,New Mexico,2015,2089291
35,New Mexico,2016,2091630
35,New Mexico,2017,2091784
35,New Mexico,2018,2092741
35,New Mexico,2019,2096829
35,New Mexico,2020,2118446
35,New Mexico,2021,2117300
35,New Mexico,2022,2112859
35,New Mexico,2023,2119349
35,New Mexico,2024,2126774
35,New Mexico,2025,2125498
36,New York,2004,19297933
36,New York,2005,19330891
36,New York,2006,19356564
36,New York,2007,19422777
36,New York,2008,19467789
36,New York,2009,19541453
36,New York,2010,19399878
36,New York,2011,19499241
36,New York,2012,19572932
36,New York,2013,19624447
36,New York,2014,19651049
36,New York,2015,19654666
36,New York,2016,19633428
36,New York,2017,19589572
36,New York,2018,19530351
36,New York,2019,19453561
36,New York,2020,20122262
36,New York,2021,19835345
36,New York,2022,19713025
36,New York,2023,19786543
36,New York,2024,20001419
36,New York,2025,20002427
37,North Carolina,2004,8531283
37,North Carolina,2005,8669452
37,North Carolina,2006,8866977
37,North Carolina,2007,9064074
37,North Carolina,2008,9247134
37,North Carolina,2009,9380884
37,North Carolina,2010,9574323
37,North Carolina,2011,9657592
37,North Carolina,2012,9749476
37,North Carolina,2013,9843336
37,North Carolina,2014,9932887
37,North Carolina,2015,10031646
37,North Carolina,2016,10154788
37,North Carolina,2017,10268233
37,North Carolina,2018,10381615
37,North Carolina,2019,10488084
37,North Carolina,2020,10450215
37,North Carolina,2021,10565503
37,North Carolina,2022,10705768
37,North Carolina,2023,10871849
37,North Carolina,2024,11052061
37,North Carolina,2025,11197968
38,North Dakota,2004,636303
38,North Dakota,2005,635365
38,North Dakota,2006,636771
38,North Dakota,2007,638202
38,North Dakota,2008,641421
38,North Dakota,2009,646844
38,North Dakota,2010,674715
38,North Dakota,2011,685225
38,North Dakota,2012,701176
38,North Dakota,2013,722036
38,North Dakota,2014,737401
38,North Dakota,2015,754066
38,North Dakota,2016,754434
38,North Dakota,2017,754942
38,North Dakota,2018,758080
38,North Dakota,2019,762062
38,North Dakota,2020,779612
38,North Dakota,2021,777977
38,North Dakota,2022,780191
38,North Dakota,2023,787071
38,North Dakota,2024,793387
38,North Dakota,2025,799358
39,Ohio,2004,11464593
39,Ohio,2005,11475262
39,Ohio,2006,11492495
39,Ohio,2007,11520815
39,Ohio,2008,11528072
39,Ohio,2009,11542645
39,Ohio,2010,11539336
39,Ohio,2011,11544663
39,Ohio,2012,11548923
39,Ohio,2013,11576684
39,Ohio,2014,11602700
39,Ohio,2015,11617527
39,Ohio,2016,11634370
39,Ohio,2017,11659650
39,Ohio,2018,11676341
39,Ohio,2019,11689100
39,Ohio,2020,11798534
39,Ohio,2021,11761443
39,Ohio,2022,11764950
39,Ohio,2023,11808390
39,Ohio,2024,11860621
39,Ohio,2025,11900510
40,Oklahoma,2004,3514449
40,Oklahoma,2005,3532769
40,Oklahoma,2006,3574334
40,Oklahoma,2007,3612186
40,Oklahoma,2008,3644025
40,Oklahoma,2009,3687050
40,Oklahoma,2010,3759944
40,Oklahoma,2011,3788379
40,Oklahoma,2012,3818814
40,Oklahoma,2013,3853214
40,Oklahoma,2014,3878187
40,Oklahoma,2015,3909500
40,Oklahoma,2016,3926331
40,Oklahoma,2017,3931316
40,Oklahoma,2018,3940235
40,Oklahoma,2019,3956971
40,Oklahoma,2020,3965243
40,Oklahoma,2021,3992760
40,Oklahoma,2022,4025327
40,Oklahoma,2023,4062716
40,Oklahoma,2024,4097758
40,Oklahoma,2025,4123288
41,Oregon,2004,3573505
41,Oregon,2005,3617869
41,Oregon,2006,3677545
41,Oregon,2007,3732957
41,Oregon,2008,3782991
41,Oregon,2009,3825657
41,Oregon,2010,3837491
41,Oregon,2011,3872036
41,Oregon,2012,3899001
41,Oregon,2013,3922468
41,Oregon,2014,3963244
41,Oregon,2015,4015792
41,Oregon,2016,4089976
41,Oregon,2017,4143625
41,Oregon,2018,4181886
41,Oregon,2019,4217737
41,Oregon,2020,4243544
41,Oregon,2021,4254691
41,Oregon,2022,4245964
41,Oregon,2023,4250392
41,Oregon,2024,4265324
41,Oregon,2025,4273586
42,Pennsylvania,2004,12388368
42,Pennsylvania,2005,12418161
42,Pennsylvania,2006,12471142
42,Pennsylvania,2007,12522531
42,Pennsylvania,2008,12566368
42,Pennsylvania,2009,12604767
42,Pennsylvania,2010,12711160
42,Pennsylvania,2011,12745815
42,Pennsylvania,2012,12767118
42,Pennsylvania,2013,12776309
42,Pennsylvania,2014,12788313
42,Pennsylvania,2015,12784826
42,Pennsylvania,2016,12782275
42,Pennsylvania,2017,12787641
42,Pennsylvania,2018,12800922
42,Pennsylvania,2019,12801989
42,Pennsylvania,2020,12995576
42,Pennsylvania,2021,13016628
42,Pennsylvania,2022,12984655
42,Pennsylvania,2023,13009406
42,Pennsylvania,2024,13045848
42,Pennsylvania,2025,13059432
44,Rhode Island,2004,1071414
44,Rhode Island,2005,1064989
44,Rhode Island,2006,1060196
44,Rhode Island,2007,1055009
44,Rhode Island,2008,1053502
44,Rhode Island,2009,1053209
44,Rhode Island,2010,1053959
44,Rhode Island,2011,1053649
44,Rhode Island,2012,1054621
44,Rhode Island,2013,1055081
44,Rhode Island,2014,1055936
44,Rhode Island,2015,1056065
44,Rhode Island,2016,1056770
44,Rhode Island,2017,1055673
44,Rhode Island,2018,1058287
44,Rhode Island,2019,1059361
44,Rhode Island,2020,1096487
44,Rhode Island,2021,1097381
44,Rhode Island,2022,1098275
44,Rhode Island,2023,1101183
44,Rhode Island,2024,1110415
44,Rhode Island,2025,1114521
45,South Carolina,2004,4201306
45,South Carolina,2005,4256199
45,South Carolina,2006,4339399
45,South Carolina,2007,4424232
45,South Carolina,2008,4503280
45,South Carolina,2009,4561242
45,South Carolina,2010,4635649
45,South Carolina,2011,4671994
45,South Carolina,2012,4717354
45,South Carolina,2013,4764080
45,South Carolina,2014,4823617
45,South Carolina,2015,4891938
45,South Carolina,2016,4957968
45,South Carolina,2017,5021268
45,South Carolina,2018,5084156
45,South Carolina,2019,5148714
45,South Carolina,2020,5131992
45,South Carolina,2021,5194346
45,South Carolina,2022,5288957
45,South Carolina,2023,5390798
45,South Carolina,2024,5490316
45,South Carolina,2025,5570274
46,South Dakota,2004,774283
46,South Dakota,2005,780084
46,South Dakota,2006,788519
46,South Dakota,2007,797035
46,South Dakota,2008,804532
46,South Dakota,2009,812383
46,South Dakota,2010,816166
46,South Dakota,2011,823579
46,South Dakota,2012,833566
46,South Dakota,2013,842316
46,South Dakota,2014,849129
46,South Dakota,2015,853988
46,South Dakota,2016,862996
46,South Dakota,2017,872868
46,South Dakota,2018,878698
46,South Dakota,2019,884659
46,South Dakota,2020,887808
46,South Dakota,2021,896303
46,South Dakota,2022,909156
46,South Dakota,2023,917739
46,South Dakota,2024,927110
46,South Dakota,2025,935094
47,Tennessee,2004,5916762
47,Tennessee,2005,5995748
47,Tennessee,2006,6089453
47,Tennessee,2007,6172862
47,Tennessee,2008,6240456
47,Tennessee,2009,6296254
47,Tennessee,2010,6355311
47,Tennessee,2011,6399291
47,Tennessee,2012,6453898
47,Tennessee,2013,6494340
47,Tennessee,2014,6541223
47,Tennessee,2015,6591170
47,Tennessee,2016,6646010
47,Tennessee,2017,6708799
47,Tennessee,2018,6771631
47,Tennessee,2019,6829174
47,Tennessee,2020,6927736
47,Tennessee,2021,6966687
47,Tennessee,2022,7063325
47,Tennessee,2023,7153029
47,Tennessee,2024,7251291
47,Tennessee,2025,7315076
48,Texas,2004,22418319
48,Texas,2005,22801920
48,Texas,2006,23369024
48,Texas,2007,23837701
48,Texas,2008,24304290
48,Texas,2009,24782302
48,Texas,2010,25241971
48,Texas,2011,25645629
48,Texas,2012,26084481
48,Texas,2013,26480266
48,Texas,2014,26964333
48,Texas,2015,27470056
48,Texas,2016,27914410
48,Texas,2017,28295273
48,Texas,2018,28628666
48,Texas,2019,28995881
48,Texas,2020,29237895
48,Texas,2021,29572672
48,Texas,2022,30118002
48,Texas,2023,30719247
48,Texas,2024,31318578
48,Texas,2025,31709821
49,Utah,2004,2438915
49,Utah,2005,2499637
49,Utah,2006,2583724
49,Utah,2007,2663796
49,Utah,2008,2727343
49,Utah,2009,2784572
49,Utah,2010,2775332
49,Utah,2011,2814384
49,Utah,2012,2853375
49,Utah,2013,2897640
49,Utah,2014,2936879
49,Utah,2015,2981835
49,Utah,2016,3041868
49,Utah,2017,3101042
49,Utah,2018,3153550
49,Utah,2019,3205958
49,Utah,2020,3283970
49,Utah,2021,3339874
49,Utah,2022,3393928
49,Utah,2023,3449259
49,Utah,2024,3502983
49,Utah,2025,3538904
50,Vermont,2004,618145
50,Vermont,2005,618814
50,Vermont,2006,619985
50,Vermont,2007,620460
50,Vermont,2008,621049
50,Vermont,2009,621760
50,Vermont,2010,625879
50,Vermont,2011,627049
50,Vermont,2012,626090
50,Vermont,2013,626210
50,Vermont,2014,625214
50,Vermont,2015,625216
50,Vermont,2016,623657
50,Vermont,2017,624344
50,Vermont,2018,624358
50,Vermont,2019,623989
50,Vermont,2020,642965
50,Vermont,2021,647238
50,Vermont,2022,647614
50,Vermont,2023,647722
50,Vermont,2024,646521
50,Vermont,2025,644663
51,Virginia,2004,7468914
51,Virginia,2005,7563887
51,Virginia,2006,7646996
51,Virginia,2007,7719749
51,Virginia,2008,7795424
51,Virginia,2009,7882590
51,Virginia,2010,8023699
51,Virginia,2011,8101155
51,Virginia,2012,8185080
51,Virginia,2013,8252427
51,Virginia,2014,8310993
51,Virginia,2015,8361808
51,Virginia,2016,8410106
51,Virginia,2017,8463587
51,Virginia,2018,8501286
51,Virginia,2019,8535519
51,Virginia,2020,8637303
51,Virginia,2021,8660007
51,Virginia,2022,8681038
51,Virginia,2023,8732034
51,Virginia,2024,8819642
51,Virginia,2025,8880107
53,Washington,2004,6184289
53,Washington,2005,6261282
53,Washington,2006,6372243
53,Washington,2007,6464979
53,Washington,2008,6566073
53,Washington,2009,6664195
53,Washington,2010,6742830
53,Washington,2011,6826627
53,Washington,2012,6897058
53,Washington,2013,6963985
53,Washington,2014,7054655
53,Washington,2015,7163657
53,Washington,2016,7294771
53,Washington,2017,7423362
53,Washington,2018,7523869
53,Washington,2019,7614893
53,Washington,2020,7726812
53,Washington,2021,7744316
53,Washington,2022,7786828
53,Washington,2023,7838655
53,Washington,2024,7927958
53,Washington,2025,8001020
54,West Virginia,2004,1803302
54,West Virginia,2005,1803920
54,West Virginia,2006,1807237
54,West Virginia,2007,1811198
54,West Virginia,2008,1814873
54,West Virginia,2009,1819777
54,West Virginia,2010,1854239
54,West Virginia,2011,1856301
54,West Virginia,2012,1856872
54,West Virginia,2013,1853914
54,West Virginia,2014,1849489
54,West Virginia,2015,1842050
54,West Virginia,2016,1831023
54,West Virginia,2017,1817004
54,West Virginia,2018,1804291
54,West Virginia,2019,1792147
54,West Virginia,2020,1791670
54,West Virginia,2021,1785921
54,West Virginia,2022,1774003
54,West Virginia,2023,1770036
54,West Virginia,2024,1767402
54,West Virginia,2025,1766147
55,Wisconsin,2004,5511385
55,Wisconsin,2005,5541443
55,Wisconsin,2006,5571680
55,Wisconsin,2007,5601571
55,Wisconsin,2008,5627610
55,Wisconsin,2009,5654774
55,Wisconsin,2010,5690475
55,Wisconsin,2011,5705288
55,Wisconsin,2012,5719960
55,Wisconsin,2013,5736754
55,Wisconsin,2014,5751525
55,Wisconsin,2015,5760940
55,Wisconsin,2016,5772628
55,Wisconsin,2017,5790186
55,Wisconsin,2018,5807406
55,Wisconsin,2019,5822434
55,Wisconsin,2020,5897371
55,Wisconsin,2021,5882128
55,Wisconsin,2022,5903472
55,Wisconsin,2023,5930350
55,Wisconsin,2024,5957168
55,Wisconsin,2025,5972787
56,Wyoming,2004,502988
56,Wyoming,2005,506242
56,Wyoming,2006,512841
56,Wyoming,2007,523414
56,Wyoming,2008,532981
56,Wyoming,2009,544270
56,Wyoming,2010,564487
56,Wyoming,2011,567299
56,Wyoming,2012,576305
56,Wyoming,2013,582122
56,Wyoming,2014,582531
56,Wyoming,2015,585613
56,Wyoming,2016,584215
56,Wyoming,2017,578931
56,Wyoming,2018,577601
56,Wyoming,2019,578759
56,Wyoming,2020,577669
56,Wyoming,2021,579662
56,Wyoming,2022,581742
56,Wyoming,2023,584666
56,Wyoming,2024,586722
56,Wyoming,2025,588753
