"Region","Sex","Age_Group","Age","Year","Deaths","Months_Observed","Population","Total_Population","Death_Rate"
"Midwest","Female","15-19",15,2005,43,12,2361751,65806421,1.82068304406349e-05
"Midwest","Female","15-19",15,2006,46,12,2375295,66082058,1.93660155896426e-05
"Midwest","Female","15-19",15,2007,55,12,2386817,66359247,2.30432412706965e-05
"Midwest","Female","15-19",15,2008,57,12,2384252,66595597,2.3906868904797e-05
"Midwest","Female","15-19",15,2009,34,12,2367965,66836911,1.43583203299035e-05
"Midwest","Female","15-19",15,2010,48,12,2335541,66974416,2.05519834590786e-05
"Midwest","Female","15-19",15,2011,59,12,2301829,67157800,2.56317910670167e-05
"Midwest","Female","15-19",15,2012,44,12,2262237,67336743,1.94497747141436e-05
"Midwest","Female","15-19",15,2013,54,12,2237741,67560379,2.41314790228181e-05
"Midwest","Female","15-19",15,2014,49,12,2218755,67745167,2.20844572744625e-05
"Midwest","Female","15-19",15,2015,81,12,2212175,67860583,3.66155480466057e-05
"Midwest","Female","15-19",15,2016,72,12,2207632,67987540,3.26141313407307e-05
"Midwest","Female","15-19",15,2017,74,12,2195932,68126781,3.36986755509733e-05
"Midwest","Female","15-19",15,2018,80,12,2184374,68236628,3.66237649779754e-05
"Midwest","Female","15-19",15,2019,78,12,2177369,68329004,3.58230506634383e-05
"Midwest","Female","20-24",20,2005,117,12,2294184,65806421,5.09985249657395e-05
"Midwest","Female","20-24",20,2006,157,12,2281862,66082058,6.88034596307752e-05
"Midwest","Female","20-24",20,2007,119,12,2256818,66359247,5.27291079741477e-05
"Midwest","Female","20-24",20,2008,157,12,2246482,66595597,6.98870500631654e-05
"Midwest","Female","20-24",20,2009,141,12,2248494,66836911,6.2708639649472e-05
"Midwest","Female","20-24",20,2010,182,12,2262176,66974416,8.04535102485395e-05
"Midwest","Female","20-24",20,2011,171,12,2296521,67157800,7.4460455619609e-05
"Midwest","Female","20-24",20,2012,184,12,2342008,67336743,7.85650604096997e-05
"Midwest","Female","20-24",20,2013,215,12,2372045,67560379,9.0639089899222e-05
"Midwest","Female","20-24",20,2014,235,12,2382478,67745167,9.86367974856431e-05
"Midwest","Female","20-24",20,2015,269,12,2364544,67860583,0.000113764006929032
"Midwest","Female","20-24",20,2016,326,12,2328985,67987540,0.000139975139384753
"Midwest","Female","20-24",20,2017,372,12,2291998,68126781,0.000162303806547824
"Midwest","Female","20-24",20,2018,323,12,2265784,68236628,0.000142555512793806
"Midwest","Female","20-24",20,2019,317,12,2243813,68329004,0.000141277370262139
"Midwest","Female","25-29",25,2005,164,12,2055685,65806421,7.97787598780942e-05
"Midwest","Female","25-29",25,2006,183,12,2111494,66082058,8.66684915988395e-05
"Midwest","Female","25-29",25,2007,190,12,2160008,66359247,8.79626371754179e-05
"Midwest","Female","25-29",25,2008,201,12,2189268,66595597,9.18115096004692e-05
"Midwest","Female","25-29",25,2009,230,12,2198322,66836911,0.000104625255080921
"Midwest","Female","25-29",25,2010,262,12,2192180,66974416,0.000119515733197091
"Midwest","Female","25-29",25,2011,262,12,2183966,67157800,0.000119965237554064
"Midwest","Female","25-29",25,2012,303,12,2166093,67336743,0.000139883190610929
"Midwest","Female","25-29",25,2013,309,12,2160297,67560379,0.000143035888120939
"Midwest","Female","25-29",25,2014,378,12,2172148,67745167,0.000174021291366887
"Midwest","Female","25-29",25,2015,416,12,2190290,67860583,0.000189929187459195
"Midwest","Female","25-29",25,2016,538,12,2224348,67987540,0.000241868628470006
"Midwest","Female","25-29",25,2017,611,12,2269025,68126781,0.000269278654928879
"Midwest","Female","25-29",25,2018,623,12,2290479,68236628,0.000271995508363098
"Midwest","Female","25-29",25,2019,565,12,2294871,68329004,0.00024620120259483
"Midwest","Female","30-34",30,2005,235,12,2103604,65806421,0.00011171304104765
"Midwest","Female","30-34",30,2006,212,12,2038897,66082058,0.000103977787990271
"Midwest","Female","30-34",30,2007,203,12,2015028,66359247,0.000100743016970484
"Midwest","Female","30-34",30,2008,238,12,2018043,66595597,0.000117936040015005
"Midwest","Female","30-34",30,2009,264,12,2047045,66836911,0.000128966388135092
"Midwest","Female","30-34",30,2010,327,12,2086614,66974416,0.000156713220557324
"Midwest","Female","30-34",30,2011,409,12,2131359,67157800,0.000191896344069676
"Midwest","Female","30-34",30,2012,382,12,2163653,67336743,0.000176553264317337
"Midwest","Female","30-34",30,2013,414,12,2193522,67560379,0.000188737564519526
"Midwest","Female","30-34",30,2014,429,12,2200776,67745167,0.000194931242434487
"Midwest","Female","30-34",30,2015,505,12,2192893,67860583,0.000230289393964959
"Midwest","Female","30-34",30,2016,619,12,2186989,67987540,0.000283037546142207
"Midwest","Female","30-34",30,2017,786,12,2173690,68126781,0.000361597099862446
"Midwest","Female","30-34",30,2018,642,12,2167073,68236628,0.000296252133638322
"Midwest","Female","30-34",30,2019,671,12,2177862,68329004,0.000308100329589294
"Midwest","Female","35-39",35,2005,295,12,2223338,65806421,0.000132683379675065
"Midwest","Female","35-39",35,2006,351,12,2227299,66082058,0.00015758997781618
"Midwest","Female","35-39",35,2007,301,12,2213670,66359247,0.000135973293218953
"Midwest","Female","35-39",35,2008,322,12,2182658,66595597,0.000147526547906268
"Midwest","Female","35-39",35,2009,322,12,2135202,66836911,0.000150805403891529
"Midwest","Female","35-39",35,2010,360,12,2080273,66974416,0.000173054209711898
"Midwest","Female","35-39",35,2011,376,12,2017446,67157800,0.000186374257353109
"Midwest","Female","35-39",35,2012,374,12,1995910,67336743,0.000187383198641221
"Midwest","Female","35-39",35,2013,395,12,2006463,67560379,0.000196863834518753
"Midwest","Female","35-39",35,2014,466,12,2032955,67745167,0.000229222978373845
"Midwest","Female","35-39",35,2015,510,12,2072500,67860583,0.000246079613992762
"Midwest","Female","35-39",35,2016,634,12,2116777,67987540,0.000299511946700101
"Midwest","Female","35-39",35,2017,734,12,2151419,68126781,0.000341170176520706
"Midwest","Female","35-39",35,2018,752,12,2179157,68236628,0.000345087572855008
"Midwest","Female","35-39",35,2019,722,12,2187601,68329004,0.000330041904350931
"Midwest","Female","40-44",40,2005,431,12,2522073,65806421,0.000170891167702124
"Midwest","Female","40-44",40,2006,468,12,2443519,66082058,0.000191527055856738
"Midwest","Female","40-44",40,2007,482,12,2367087,66359247,0.000203625806740521
"Midwest","Female","40-44",40,2008,478,12,2288418,66595597,0.000208877923526209
"Midwest","Female","40-44",40,2009,423,12,2225102,66836911,0.00019010364468685
"Midwest","Female","40-44",40,2010,426,12,2197075,66974416,0.000193894154728446
"Midwest","Female","40-44",40,2011,468,12,2199331,67157800,0.000212791980834172
"Midwest","Female","40-44",40,2012,441,12,2181844,67336743,0.000202122608215803
"Midwest","Female","40-44",40,2013,475,12,2152565,67560379,0.000220666971729077
"Midwest","Female","40-44",40,2014,536,12,2108206,67745167,0.000254244604180047
"Midwest","Female","40-44",40,2015,566,12,2052423,67860583,0.000275771612382048
"Midwest","Female","40-44",40,2016,548,12,1988371,67987540,0.000275602490682071
"Midwest","Female","40-44",40,2017,635,12,1969064,68126781,0.000322488248223521
"Midwest","Female","40-44",40,2018,626,12,1978410,68236628,0.000316415707563144
"Midwest","Female","40-44",40,2019,629,12,2005409,68329004,0.000313651728899192
"Midwest","Female","45-49",45,2005,486,12,2569230,65806421,0.000189161733281956
"Midwest","Female","45-49",45,2006,515,12,2591216,66082058,0.000198748386857753
"Midwest","Female","45-49",45,2007,590,12,2581924,66359247,0.000228511760996838
"Midwest","Female","45-49",45,2008,592,12,2559631,66595597,0.000231283337324794
"Midwest","Female","45-49",45,2009,524,12,2537348,66836911,0.000206514833597914
"Midwest","Female","45-49",45,2010,614,12,2484884,66974416,0.000247094029338995
"Midwest","Female","45-49",45,2011,560,12,2403255,67157800,0.000233017303615305
"Midwest","Female","45-49",45,2012,585,12,2324796,67336743,0.000251634982166177
"Midwest","Female","45-49",45,2013,577,12,2247854,67560379,0.000256689268964977
"Midwest","Female","45-49",45,2014,576,12,2183692,67745167,0.000263773462557906
"Midwest","Female","45-49",45,2015,611,12,2154902,67860583,0.000283539576277715
"Midwest","Female","45-49",45,2016,673,12,2155522,67987540,0.000312221355198416
"Midwest","Female","45-49",45,2017,745,12,2138867,68126781,0.000348315252888562
"Midwest","Female","45-49",45,2018,617,12,2108838,68236628,0.000292578187608531
"Midwest","Female","45-49",45,2019,608,12,2064891,68329004,0.000294446534950271
"Midwest","Female","50-54",50,2005,315,12,2317829,65806421,0.000135903036850432
"Midwest","Female","50-54",50,2006,376,12,2368058,66082058,0.0001587798947492
"Midwest","Female","50-54",50,2007,498,12,2425099,66359247,0.000205352441281779
"Midwest","Female","50-54",50,2008,459,12,2477183,66595597,0.000185291114947907
"Midwest","Female","50-54",50,2009,513,12,2510501,66836911,0.000204341683193912
"Midwest","Female","50-54",50,2010,542,12,2537854,66974416,0.000213566265041251
"Midwest","Female","50-54",50,2011,589,12,2553103,67157800,0.000230699662332464
"Midwest","Female","50-54",50,2012,612,12,2536370,67336743,0.000241289717194258
"Midwest","Female","50-54",50,2013,630,12,2510373,67560379,0.000250958722070386
"Midwest","Female","50-54",50,2014,678,12,2479808,67745167,0.00027340826386559
"Midwest","Female","50-54",50,2015,691,12,2422353,67860583,0.000285259827944152
"Midwest","Female","50-54",50,2016,715,12,2339351,67987540,0.000305640325030318
"Midwest","Female","50-54",50,2017,766,12,2262734,68126781,0.000338528523458789
"Midwest","Female","50-54",50,2018,651,12,2185791,68236628,0.000297832683911682
"Midwest","Female","50-54",50,2019,636,12,2124127,68329004,0.000299417125247219
"Midwest","Male","15-19",15,2005,105,12,2493753,65806421,4.21052125050075e-05
"Midwest","Male","15-19",15,2006,141,12,2506899,66082058,5.62447868861091e-05
"Midwest","Male","15-19",15,2007,164,12,2516259,66359247,6.51761205821817e-05
"Midwest","Male","15-19",15,2008,143,12,2513306,66595597,5.68971704997322e-05
"Midwest","Male","15-19",15,2009,123,12,2493250,66836911,4.93331996390254e-05
"Midwest","Male","15-19",15,2010,146,12,2460517,66974416,5.93371230517814e-05
"Midwest","Male","15-19",15,2011,138,12,2428279,67157800,5.68303724572012e-05
"Midwest","Male","15-19",15,2012,130,12,2384132,67336743,5.45271822197764e-05
"Midwest","Male","15-19",15,2013,117,12,2352965,67560379,4.97244965394725e-05
"Midwest","Male","15-19",15,2014,122,12,2329474,67745167,5.23723381329862e-05
"Midwest","Male","15-19",15,2015,135,12,2320809,67860583,5.81693711115391e-05
"Midwest","Male","15-19",15,2016,137,12,2313478,67987540,5.9218198746649e-05
"Midwest","Male","15-19",15,2017,147,12,2301026,68126781,6.38845454158275e-05
"Midwest","Male","15-19",15,2018,116,12,2288669,68236628,5.06844808052191e-05
"Midwest","Male","15-19",15,2019,118,12,2281963,68329004,5.17098655850248e-05
"Midwest","Male","20-24",20,2005,391,12,2375404,65806421,0.000164603579012244
"Midwest","Male","20-24",20,2006,411,12,2371628,66082058,0.000173298679219507
"Midwest","Male","20-24",20,2007,436,12,2339867,66359247,0.000186335377181695
"Midwest","Male","20-24",20,2008,405,12,2326691,66595597,0.000174066947437369
"Midwest","Male","20-24",20,2009,443,12,2321808,66836911,0.000190799583772646
"Midwest","Male","20-24",20,2010,494,12,2332068,66974416,0.000211829157640343
"Midwest","Male","20-24",20,2011,484,12,2372292,67157800,0.000204022101832321
"Midwest","Male","20-24",20,2012,510,12,2429009,67336743,0.000209962169757296
"Midwest","Male","20-24",20,2013,546,12,2469867,67560379,0.000221064535053912
"Midwest","Male","20-24",20,2014,576,12,2484908,67745167,0.000231799326172237
"Midwest","Male","20-24",20,2015,600,12,2470919,67860583,0.00024282463326398
"Midwest","Male","20-24",20,2016,850,12,2439377,67987540,0.000348449624637766
"Midwest","Male","20-24",20,2017,840,12,2397325,68126781,0.000350390539455435
"Midwest","Male","20-24",20,2018,653,12,2362999,68236628,0.000276343747923719
"Midwest","Male","20-24",20,2019,630,12,2336562,68329004,0.000269626913388132
"Midwest","Male","25-29",25,2005,401,12,2090857,65806421,0.000191787386703156
"Midwest","Male","25-29",25,2006,534,12,2143493,66082058,0.000249126075989051
"Midwest","Male","25-29",25,2007,496,12,2190858,66359247,0.000226395320919932
"Midwest","Male","25-29",25,2008,580,12,2220298,66595597,0.000261226195762911
"Midwest","Male","25-29",25,2009,568,12,2226091,66836911,0.000255155786533435
"Midwest","Male","25-29",25,2010,620,12,2223286,66974416,0.000278866506603289
"Midwest","Male","25-29",25,2011,685,12,2217440,67157800,0.000308914784616495
"Midwest","Male","25-29",25,2012,691,12,2208994,67336743,0.000312812076447469
"Midwest","Male","25-29",25,2013,736,12,2217616,67560379,0.00033188793731647
"Midwest","Male","25-29",25,2014,811,12,2243360,67745167,0.000361511304471864
"Midwest","Male","25-29",25,2015,925,12,2271099,67860583,0.00040729180013729
"Midwest","Male","25-29",25,2016,1327,12,2309887,67987540,0.000574486977068575
"Midwest","Male","25-29",25,2017,1478,12,2359734,68126781,0.00062634178259075
"Midwest","Male","25-29",25,2018,1340,12,2390071,68236628,0.000560652800690858
"Midwest","Male","25-29",25,2019,1291,12,2400354,68329004,0.000537837335659657
"Midwest","Male","30-34",30,2005,392,12,2121433,65806421,0.000184780759043533
"Midwest","Male","30-34",30,2006,522,12,2058291,66082058,0.000253608454781175
"Midwest","Male","30-34",30,2007,476,12,2034728,66359247,0.000233937902265069
"Midwest","Male","30-34",30,2008,547,12,2039572,66595597,0.000268193522954816
"Midwest","Male","30-34",30,2009,527,12,2071019,66836911,0.0002544641067996
"Midwest","Male","30-34",30,2010,595,12,2108941,66974416,0.000282132122235757
"Midwest","Male","30-34",30,2011,677,12,2151298,67157800,0.000314693733736563
"Midwest","Male","30-34",30,2012,770,12,2183504,67336743,0.000352644190255662
"Midwest","Male","30-34",30,2013,801,12,2212142,67560379,0.000362092487733608
"Midwest","Male","30-34",30,2014,912,12,2220562,67745167,0.000410706839079476
"Midwest","Male","30-34",30,2015,1125,12,2217340,67860583,0.000507364680202405
"Midwest","Male","30-34",30,2016,1430,12,2219117,67987540,0.000644400452972962
"Midwest","Male","30-34",30,2017,1603,12,2213959,68126781,0.000724042315146757
"Midwest","Male","30-34",30,2018,1475,12,2216841,68236628,0.000665361205427002
"Midwest","Male","30-34",30,2019,1444,12,2237458,68329004,0.000645375242797854
"Midwest","Male","35-39",35,2005,458,12,2234944,65806421,0.000204926834855817
"Midwest","Male","35-39",35,2006,603,12,2238564,66082058,0.000269369113413778
"Midwest","Male","35-39",35,2007,559,12,2224153,66359247,0.000251331630512829
"Midwest","Male","35-39",35,2008,588,12,2190695,66595597,0.000268407970986376
"Midwest","Male","35-39",35,2009,578,12,2136745,66836911,0.000270504903486378
"Midwest","Male","35-39",35,2010,570,12,2079605,66974416,0.000274090512380957
"Midwest","Male","35-39",35,2011,608,12,2018479,67157800,0.000301216906393378
"Midwest","Male","35-39",35,2012,660,12,2002095,67336743,0.000329654686715665
"Midwest","Male","35-39",35,2013,701,12,2018547,67560379,0.00034727950352407
"Midwest","Male","35-39",35,2014,835,12,2049118,67745167,0.000407492394288665
"Midwest","Male","35-39",35,2015,957,12,2091407,67860583,0.000457586686857221
"Midwest","Male","35-39",35,2016,1401,12,2136022,67987540,0.000655892120961301
"Midwest","Male","35-39",35,2017,1536,12,2170891,68126781,0.00070754358463875
"Midwest","Male","35-39",35,2018,1419,12,2196341,68236628,0.000646074539427165
"Midwest","Male","35-39",35,2019,1555,12,2204084,68329004,0.000705508501490869
"Midwest","Male","40-44",40,2005,676,12,2492262,65806421,0.000271239540626146
"Midwest","Male","40-44",40,2006,770,12,2421488,66082058,0.000317986296029549
"Midwest","Male","40-44",40,2007,660,12,2346921,66359247,0.000281219521236548
"Midwest","Male","40-44",40,2008,657,12,2273917,66595597,0.000288928751577124
"Midwest","Male","40-44",40,2009,612,12,2215213,66836911,0.000276271401440855
"Midwest","Male","40-44",40,2010,621,12,2191454,66974416,0.000283373504531694
"Midwest","Male","40-44",40,2011,637,12,2193576,67157800,0.000290393403283041
"Midwest","Male","40-44",40,2012,683,12,2176725,67336743,0.000313774133158759
"Midwest","Male","40-44",40,2013,707,12,2144783,67560379,0.000329637077503878
"Midwest","Male","40-44",40,2014,756,12,2098129,67745167,0.000360321028878587
"Midwest","Male","40-44",40,2015,807,12,2044660,67860583,0.000394686647168722
"Midwest","Male","40-44",40,2016,1031,12,1983636,67987540,0.000519752615903321
"Midwest","Male","40-44",40,2017,1262,12,1967479,68126781,0.000641429972060693
"Midwest","Male","40-44",40,2018,1168,12,1982679,68236628,0.000589101917153508
"Midwest","Male","40-44",40,2019,1290,12,2013194,68329004,0.000640772821695276
"Midwest","Male","45-49",45,2005,740,12,2523598,65806421,0.000293232123341356
"Midwest","Male","45-49",45,2006,872,12,2541737,66082058,0.00034307247366663
"Midwest","Male","45-49",45,2007,775,12,2532352,66359247,0.00030603960270926
"Midwest","Male","45-49",45,2008,729,12,2510602,66595597,0.000290368604820677
"Midwest","Male","45-49",45,2009,816,12,2490390,66836911,0.000327659523207209
"Midwest","Male","45-49",45,2010,774,12,2439793,66974416,0.000317240028149929
"Midwest","Male","45-49",45,2011,819,12,2364138,67157800,0.000346426477642168
"Midwest","Male","45-49",45,2012,735,12,2291980,67336743,0.000320683426556951
"Midwest","Male","45-49",45,2013,831,12,2222683,67560379,0.000373872477541782
"Midwest","Male","45-49",45,2014,787,12,2164040,67745167,0.000363671651170958
"Midwest","Male","45-49",45,2015,896,12,2141280,67860583,0.000418441306134648
"Midwest","Male","45-49",45,2016,1101,12,2142701,67987540,0.00051383744162158
"Midwest","Male","45-49",45,2017,1259,12,2126351,68126781,0.000592094155668561
"Midwest","Male","45-49",45,2018,1131,12,2092728,68236628,0.000540442905145819
"Midwest","Male","45-49",45,2019,1178,12,2046783,68329004,0.000575537318807123
"Midwest","Male","50-54",50,2005,503,12,2264091,65806421,0.000222164215130929
"Midwest","Male","50-54",50,2006,628,12,2312725,66082058,0.000271541147347826
"Midwest","Male","50-54",50,2007,615,12,2364373,66359247,0.000260111243022992
"Midwest","Male","50-54",50,2008,688,12,2413915,66595597,0.000285014178212572
"Midwest","Male","50-54",50,2009,654,12,2447567,66836911,0.000267204125566328
"Midwest","Male","50-54",50,2010,717,12,2472558,66974416,0.000289983086342161
"Midwest","Male","50-54",50,2011,759,12,2484272,67157800,0.000305522100639543
"Midwest","Male","50-54",50,2012,776,12,2467323,67336743,0.000314510909191865
"Midwest","Male","50-54",50,2013,852,12,2442569,67560379,0.000348813073448488
"Midwest","Male","50-54",50,2014,878,12,2415497,67745167,0.000363486272183323
"Midwest","Male","50-54",50,2015,863,12,2361955,67860583,0.000365375292924717
"Midwest","Male","50-54",50,2016,1062,12,2287046,67987540,0.000464354455485373
"Midwest","Male","50-54",50,2017,1250,12,2216518,68126781,0.000563947597086963
"Midwest","Male","50-54",50,2018,1029,12,2147582,68236628,0.000479143520480242
"Midwest","Male","50-54",50,2019,1142,12,2091133,68329004,0.000546115431204041
"Northeast","Female","15-19",15,2005,42,12,1895949,54598185,2.2152494608241e-05
"Northeast","Female","15-19",15,2006,35,12,1918439,54710026,1.8243999418277e-05
"Northeast","Female","15-19",15,2007,34,12,1930373,54879379,1.76131763135933e-05
"Northeast","Female","15-19",15,2008,37,12,1930948,55060196,1.91615724504233e-05
"Northeast","Female","15-19",15,2009,37,12,1919120,55283679,1.92796698486806e-05
"Northeast","Female","15-19",15,2010,32,12,1897636,55380134,1.68630864928785e-05
"Northeast","Female","15-19",15,2011,24,12,1878556,55604223,1.27757703257183e-05
"Northeast","Female","15-19",15,2012,28,12,1852628,55775216,1.51136655604903e-05
"Northeast","Female","15-19",15,2013,45,12,1823222,55901806,2.4681580191551e-05
"Northeast","Female","15-19",15,2014,50,12,1797335,56006011,2.78189653014046e-05
"Northeast","Female","15-19",15,2015,57,12,1779753,56034684,3.20269160945367e-05
"Northeast","Female","15-19",15,2016,67,12,1763607,56042330,3.79903232409488e-05
"Northeast","Female","15-19",15,2017,61,12,1745687,56059240,3.49432630248149e-05
"Northeast","Female","15-19",15,2018,46,12,1731436,56046620,2.65675427795194e-05
"Northeast","Female","15-19",15,2019,49,12,1718143,55982803,2.85191628403457e-05
"Northeast","Female","20-24",20,2005,118,12,1758828,54598185,6.7090130473247e-05
"Northeast","Female","20-24",20,2006,98,12,1778406,54710026,5.51055270843666e-05
"Northeast","Female","20-24",20,2007,110,12,1800783,54879379,6.10845393364997e-05
"Northeast","Female","20-24",20,2008,120,12,1821887,55060196,6.58657754295409e-05
"Northeast","Female","20-24",20,2009,114,12,1858289,55283679,6.13467549988188e-05
"Northeast","Female","20-24",20,2010,119,12,1891291,55380134,6.29199842858661e-05
"Northeast","Female","20-24",20,2011,152,12,1907696,55604223,7.96772651407771e-05
"Northeast","Female","20-24",20,2012,177,12,1915837,55775216,9.23878179615489e-05
"Northeast","Female","20-24",20,2013,170,12,1921854,55901806,8.8456251099199e-05
"Northeast","Female","20-24",20,2014,189,12,1922362,56006011,9.83165501606877e-05
"Northeast","Female","20-24",20,2015,237,12,1901224,56034684,0.00012465653705192
"Northeast","Female","20-24",20,2016,329,12,1876117,56042330,0.000175362197560173
"Northeast","Female","20-24",20,2017,337,12,1851640,56059240,0.00018200082089391
"Northeast","Female","20-24",20,2018,312,12,1822443,56046620,0.000171198770002683
"Northeast","Female","20-24",20,2019,251,12,1794831,55982803,0.000139846035643467
"Northeast","Female","25-29",25,2005,107,12,1721581,54598185,6.21521729154771e-05
"Northeast","Female","25-29",25,2006,134,12,1744733,54710026,7.68025824008602e-05
"Northeast","Female","25-29",25,2007,150,12,1760604,54879379,8.51980343109524e-05
"Northeast","Female","25-29",25,2008,138,12,1790084,55060196,7.70913543721971e-05
"Northeast","Female","25-29",25,2009,131,12,1806981,55283679,7.24966117518668e-05
"Northeast","Female","25-29",25,2010,176,12,1822700,55380134,9.65600482800241e-05
"Northeast","Female","25-29",25,2011,213,12,1846139,55604223,0.000115375927814753
"Northeast","Female","25-29",25,2012,220,12,1863071,55775216,0.000118084603324296
"Northeast","Female","25-29",25,2013,263,12,1881954,55901806,0.000139748367919726
"Northeast","Female","25-29",25,2014,317,12,1903874,56006011,0.000166502615194073
"Northeast","Female","25-29",25,2015,354,12,1919999,56034684,0.000184375096028696
"Northeast","Female","25-29",25,2016,540,12,1929319,56042330,0.000279891505759286
"Northeast","Female","25-29",25,2017,561,12,1938067,56059240,0.000289463676952345
"Northeast","Female","25-29",25,2018,500,12,1938786,56046620,0.000257893341503394
"Northeast","Female","25-29",25,2019,488,12,1929884,55982803,0.000252864939032605
"Northeast","Female","30-34",30,2005,140,12,1760362,54598185,7.95290968562148e-05
"Northeast","Female","30-34",30,2006,147,12,1698282,54710026,8.65580627952248e-05
"Northeast","Female","30-34",30,2007,157,12,1677059,54879379,9.36162651403439e-05
"Northeast","Female","30-34",30,2008,143,12,1682865,55060196,8.49741363686333e-05
"Northeast","Female","30-34",30,2009,137,12,1707179,55283679,8.02493470221928e-05
"Northeast","Female","30-34",30,2010,163,12,1732935,55380134,9.40600772677567e-05
"Northeast","Female","30-34",30,2011,240,12,1766931,55604223,0.000135828733549867
"Northeast","Female","30-34",30,2012,261,12,1793624,55775216,0.000145515448053773
"Northeast","Female","30-34",30,2013,284,12,1817492,55901806,0.000156259284772643
"Northeast","Female","30-34",30,2014,292,12,1828698,56006011,0.000159676447395907
"Northeast","Female","30-34",30,2015,380,12,1833995,56034684,0.000207197947649803
"Northeast","Female","30-34",30,2016,578,12,1847602,56042330,0.000312837938040769
"Northeast","Female","30-34",30,2017,592,12,1857985,56059240,0.0003186247467014
"Northeast","Female","30-34",30,2018,620,12,1872511,56046620,0.000331106199109111
"Northeast","Female","30-34",30,2019,629,12,1891074,55982803,0.000332615222883927
"Northeast","Female","35-39",35,2005,231,12,2000330,54598185,0.000115480945643969
"Northeast","Female","35-39",35,2006,227,12,1974652,54710026,0.000114956964568947
"Northeast","Female","35-39",35,2007,229,12,1934857,54879379,0.000118354999878544
"Northeast","Female","35-39",35,2008,215,12,1886900,55060196,0.000113943505220202
"Northeast","Female","35-39",35,2009,178,12,1832098,55283679,9.71563748227442e-05
"Northeast","Female","35-39",35,2010,240,12,1770931,55380134,0.000135521937331268
"Northeast","Female","35-39",35,2011,225,12,1712164,55604223,0.000131412645050357
"Northeast","Female","35-39",35,2012,236,12,1690125,55775216,0.000139634642408106
"Northeast","Female","35-39",35,2013,263,12,1689147,55901806,0.000155699888760422
"Northeast","Female","35-39",35,2014,299,12,1702800,56006011,0.00017559314070942
"Northeast","Female","35-39",35,2015,348,12,1724288,56034684,0.000201822433375399
"Northeast","Female","35-39",35,2016,521,12,1746539,56042330,0.00029830424628365
"Northeast","Female","35-39",35,2017,571,12,1768547,56059240,0.00032286391031734
"Northeast","Female","35-39",35,2018,558,12,1787145,56046620,0.000312229841451029
"Northeast","Female","35-39",35,2019,601,12,1794110,55982803,0.000334985034362442
"Northeast","Female","40-44",40,2005,308,12,2211862,54598185,0.000139249193665789
"Northeast","Female","40-44",40,2006,346,12,2166590,54710026,0.000159697958543148
"Northeast","Female","40-44",40,2007,288,12,2114984,54879379,0.00013617124290302
"Northeast","Female","40-44",40,2008,327,12,2063660,55060196,0.000158456334861363
"Northeast","Female","40-44",40,2009,275,12,2008600,55283679,0.000136911281489595
"Northeast","Female","40-44",40,2010,277,12,1977095,55380134,0.000140104547328277
"Northeast","Female","40-44",40,2011,336,12,1959847,55604223,0.000171441954397461
"Northeast","Female","40-44",40,2012,315,12,1924452,55775216,0.000163682960136184
"Northeast","Female","40-44",40,2013,346,12,1876441,55901806,0.000184391622225266
"Northeast","Female","40-44",40,2014,360,12,1819314,56006011,0.000197876782127769
"Northeast","Female","40-44",40,2015,349,12,1755837,56034684,0.00019876560295745
"Northeast","Female","40-44",40,2016,421,12,1691898,56042330,0.000248832967472034
"Northeast","Female","40-44",40,2017,510,12,1665176,56059240,0.000306273931404248
"Northeast","Female","40-44",40,2018,466,12,1660531,56046620,0.000280633122778196
"Northeast","Female","40-44",40,2019,408,12,1669442,55982803,0.000244393036715262
"Northeast","Female","45-49",45,2005,299,12,2193903,54598185,0.000136286791166246
"Northeast","Female","45-49",45,2006,376,12,2214265,54710026,0.00016980804013973
"Northeast","Female","45-49",45,2007,409,12,2211236,54879379,0.000184964427134869
"Northeast","Female","45-49",45,2008,404,12,2205291,55060196,0.000183195777790777
"Northeast","Female","45-49",45,2009,345,12,2202756,55283679,0.00015662197719584
"Northeast","Female","45-49",45,2010,391,12,2180900,55380134,0.000179283781924893
"Northeast","Female","45-49",45,2011,439,12,2138581,55604223,0.000205276302370591
"Northeast","Female","45-49",45,2012,417,12,2091867,55775216,0.00019934345730393
"Northeast","Female","45-49",45,2013,422,12,2037388,55901806,0.000207127950100815
"Northeast","Female","45-49",45,2014,434,12,1981867,56006011,0.000218985431413914
"Northeast","Female","45-49",45,2015,467,12,1947201,56034684,0.000239831429831846
"Northeast","Female","45-49",45,2016,564,12,1923311,56042330,0.000293244306303037
"Northeast","Female","45-49",45,2017,528,12,1884817,56059240,0.000280133296760375
"Northeast","Female","45-49",45,2018,504,12,1835282,56046620,0.000274617197793037
"Northeast","Female","45-49",45,2019,487,12,1776472,55982803,0.000274138854988989
"Northeast","Female","50-54",50,2005,213,12,1960801,54598185,0.000108629075566567
"Northeast","Female","50-54",50,2006,255,12,1998116,54710026,0.000127620218245587
"Northeast","Female","50-54",50,2007,319,12,2047161,54879379,0.000155825555488796
"Northeast","Female","50-54",50,2008,337,12,2092263,55060196,0.00016106961696498
"Northeast","Female","50-54",50,2009,314,12,2134627,55283679,0.000147098298672321
"Northeast","Female","50-54",50,2010,343,12,2165918,55380134,0.000158362412612112
"Northeast","Female","50-54",50,2011,383,12,2183774,55604223,0.000175384449123398
"Northeast","Female","50-54",50,2012,420,12,2178355,55775216,0.000192806039419654
"Northeast","Female","50-54",50,2013,503,12,2168490,55901806,0.000231958644033406
"Northeast","Female","50-54",50,2014,466,12,2158479,56006011,0.00021589276522959
"Northeast","Female","50-54",50,2015,536,12,2129158,56034684,0.000251742707680689
"Northeast","Female","50-54",50,2016,629,12,2080999,56042330,0.00030225867479994
"Northeast","Female","50-54",50,2017,651,12,2031758,56059240,0.000320412175072031
"Northeast","Female","50-54",50,2018,560,12,1974811,56046620,0.000283571440507471
"Northeast","Female","50-54",50,2019,598,12,1917578,55982803,0.000311851721285914
"Northeast","Male","15-19",15,2005,88,12,1990394,54598185,4.4212351926302e-05
"Northeast","Male","15-19",15,2006,95,12,2014809,54710026,4.71508713729192e-05
"Northeast","Male","15-19",15,2007,98,12,2025800,54879379,4.83759502418798e-05
"Northeast","Male","15-19",15,2008,117,12,2028880,55060196,5.76672844130752e-05
"Northeast","Male","15-19",15,2009,82,12,2015640,55283679,4.06818677938521e-05
"Northeast","Male","15-19",15,2010,86,12,1988841,55380134,4.32412646360368e-05
"Northeast","Male","15-19",15,2011,106,12,1963346,55604223,5.39894649236558e-05
"Northeast","Male","15-19",15,2012,89,12,1929290,55775216,4.61309600941279e-05
"Northeast","Male","15-19",15,2013,93,12,1894105,55901806,4.90997067216443e-05
"Northeast","Male","15-19",15,2014,93,12,1866117,56006011,4.98361035240556e-05
"Northeast","Male","15-19",15,2015,100,12,1845659,56034684,5.41811894829977e-05
"Northeast","Male","15-19",15,2016,117,12,1828572,56042330,6.39843550048891e-05
"Northeast","Male","15-19",15,2017,110,12,1808407,56059240,6.08270151575392e-05
"Northeast","Male","15-19",15,2018,70,12,1792346,56046620,3.90549592545189e-05
"Northeast","Male","15-19",15,2019,61,12,1776629,55982803,3.43346866453266e-05
"Northeast","Male","20-24",20,2005,314,12,1813981,54598185,0.000173099938753493
"Northeast","Male","20-24",20,2006,411,12,1835195,54710026,0.000223954402665657
"Northeast","Male","20-24",20,2007,368,12,1854633,54879379,0.000198422005863155
"Northeast","Male","20-24",20,2008,341,12,1875591,55060196,0.000181809360356282
"Northeast","Male","20-24",20,2009,321,12,1907466,55283679,0.000168286092648571
"Northeast","Male","20-24",20,2010,362,12,1940328,55380134,0.000186566394960027
"Northeast","Male","20-24",20,2011,467,12,1964788,55604223,0.000237684676412926
"Northeast","Male","20-24",20,2012,452,12,1982786,55775216,0.000227962069532466
"Northeast","Male","20-24",20,2013,512,12,1991911,55901806,0.000257039596648645
"Northeast","Male","20-24",20,2014,568,12,1987129,56006011,0.000285839520232456
"Northeast","Male","20-24",20,2015,683,12,1958089,56034684,0.000348809476995172
"Northeast","Male","20-24",20,2016,871,12,1925269,56042330,0.000452404313371274
"Northeast","Male","20-24",20,2017,862,12,1891358,56059240,0.000455757186106491
"Northeast","Male","20-24",20,2018,635,12,1855086,56046620,0.000342302189763709
"Northeast","Male","20-24",20,2019,539,12,1823647,55982803,0.000295561586206102
"Northeast","Male","25-29",25,2005,329,12,1699081,54598185,0.000193634088074671
"Northeast","Male","25-29",25,2006,464,12,1720857,54710026,0.000269633095602947
"Northeast","Male","25-29",25,2007,486,12,1742510,54879379,0.00027890801200567
"Northeast","Male","25-29",25,2008,437,12,1772507,55060196,0.000246543455117526
"Northeast","Male","25-29",25,2009,472,12,1790434,55283679,0.000263623233249592
"Northeast","Male","25-29",25,2010,472,12,1809867,55380134,0.000260792643879357
"Northeast","Male","25-29",25,2011,591,12,1844576,55604223,0.000320398834203633
"Northeast","Male","25-29",25,2012,642,12,1872424,55775216,0.000342871059119088
"Northeast","Male","25-29",25,2013,720,12,1901632,55901806,0.000378622151920035
"Northeast","Male","25-29",25,2014,819,12,1935062,56006011,0.000423242252703014
"Northeast","Male","25-29",25,2015,1140,12,1961350,56034684,0.000581232314477273
"Northeast","Male","25-29",25,2016,1528,12,1979790,56042330,0.000771799029189965
"Northeast","Male","25-29",25,2017,1700,12,1993968,56059240,0.000852571355207305
"Northeast","Male","25-29",25,2018,1481,12,1998854,56046620,0.000740924549767017
"Northeast","Male","25-29",25,2019,1293,12,1987830,55982803,0.000650458037156095
"Northeast","Male","30-34",30,2005,356,12,1711804,54598185,0.000207967734623824
"Northeast","Male","30-34",30,2006,440,12,1655234,54710026,0.000265823442486078
"Northeast","Male","30-34",30,2007,411,12,1636495,54879379,0.000251146505183334
"Northeast","Male","30-34",30,2008,416,12,1645588,55060196,0.000252797176449998
"Northeast","Male","30-34",30,2009,389,12,1668748,55283679,0.000233108893613655
"Northeast","Male","30-34",30,2010,423,12,1696382,55380134,0.000249354213850418
"Northeast","Male","30-34",30,2011,587,12,1732001,55604223,0.000338914353975546
"Northeast","Male","30-34",30,2012,647,12,1765810,55775216,0.000366404086509874
"Northeast","Male","30-34",30,2013,727,12,1794465,55901806,0.000405134678023812
"Northeast","Male","30-34",30,2014,881,12,1814185,56006011,0.000485617508688474
"Northeast","Male","30-34",30,2015,1159,12,1826660,56034684,0.000634491366756813
"Northeast","Male","30-34",30,2016,1608,12,1851078,56042330,0.000868683005254236
"Northeast","Male","30-34",30,2017,1835,12,1869447,56059240,0.000981573695322734
"Northeast","Male","30-34",30,2018,1644,12,1891884,56046620,0.000868975053438794
"Northeast","Male","30-34",30,2019,1561,12,1921005,55982803,0.000812595490381337
"Northeast","Male","35-39",35,2005,462,12,1931823,54598185,0.000239152344702387
"Northeast","Male","35-39",35,2006,537,12,1905496,54710026,0.000281816387964079
"Northeast","Male","35-39",35,2007,462,12,1870791,54879379,0.000246954363154409
"Northeast","Male","35-39",35,2008,472,12,1825377,55060196,0.000258576721411522
"Northeast","Male","35-39",35,2009,376,12,1772302,55283679,0.000212153459173437
"Northeast","Male","35-39",35,2010,408,12,1713203,55380134,0.000238150411830939
"Northeast","Male","35-39",35,2011,471,12,1661709,55604223,0.000283443129934303
"Northeast","Male","35-39",35,2012,561,12,1643277,55775216,0.000341391013201061
"Northeast","Male","35-39",35,2013,562,12,1647987,55901806,0.000341022107577305
"Northeast","Male","35-39",35,2014,665,12,1661594,56006011,0.000400218103820789
"Northeast","Male","35-39",35,2015,1004,12,1685645,56034684,0.000595617701236025
"Northeast","Male","35-39",35,2016,1325,12,1712743,56042330,0.000773612853767319
"Northeast","Male","35-39",35,2017,1673,12,1738405,56059240,0.000962376431268893
"Northeast","Male","35-39",35,2018,1602,12,1761592,56046620,0.000909404674862284
"Northeast","Male","35-39",35,2019,1551,12,1777037,55982803,0.000872801185343918
"Northeast","Male","40-44",40,2005,583,12,2135952,54598185,0.000272946208529031
"Northeast","Male","40-44",40,2006,753,12,2090480,54710026,0.000360204354980674
"Northeast","Male","40-44",40,2007,674,12,2037193,54879379,0.000330847396392978
"Northeast","Male","40-44",40,2008,540,12,1985878,55060196,0.000271920027312856
"Northeast","Male","40-44",40,2009,495,12,1932365,55283679,0.000256162784981098
"Northeast","Male","40-44",40,2010,515,12,1902068,55380134,0.000270757932944564
"Northeast","Male","40-44",40,2011,570,12,1885077,55604223,0.000302374916250105
"Northeast","Male","40-44",40,2012,571,12,1854532,55775216,0.000307894390606363
"Northeast","Male","40-44",40,2013,628,12,1808133,55901806,0.000347319583238622
"Northeast","Male","40-44",40,2014,648,12,1754772,56006011,0.000369278743905191
"Northeast","Male","40-44",40,2015,756,12,1696357,56034684,0.000445660907462285
"Northeast","Male","40-44",40,2016,1067,12,1638625,56042330,0.000651155694560989
"Northeast","Male","40-44",40,2017,1159,12,1613865,56059240,0.000718151766101873
"Northeast","Male","40-44",40,2018,1177,12,1613569,56046620,0.000729438902209946
"Northeast","Male","40-44",40,2019,1278,12,1623495,55982803,0.000787190598061589
"Northeast","Male","45-49",45,2005,606,12,2102729,54598185,0.000288196909825279
"Northeast","Male","45-49",45,2006,725,12,2122361,54710026,0.000341600698467414
"Northeast","Male","45-49",45,2007,633,12,2120979,54879379,0.000298447085048933
"Northeast","Male","45-49",45,2008,688,12,2111776,55060196,0.000325792129468277
"Northeast","Male","45-49",45,2009,618,12,2108106,55283679,0.000293154139307985
"Northeast","Male","45-49",45,2010,613,12,2085175,55380134,0.00029398012157253
"Northeast","Male","45-49",45,2011,709,12,2043379,55604223,0.000346974300900616
"Northeast","Male","45-49",45,2012,711,12,1997645,55775216,0.000355919094734049
"Northeast","Male","45-49",45,2013,750,12,1946243,55901806,0.000385357840721842
"Northeast","Male","45-49",45,2014,779,12,1895254,56006011,0.000411026701434214
"Northeast","Male","45-49",45,2015,874,12,1863214,56034684,0.000469081919736541
"Northeast","Male","45-49",45,2016,1119,12,1840838,56042330,0.000607875326345936
"Northeast","Male","45-49",45,2017,1267,12,1806718,56059240,0.00070127158748626
"Northeast","Male","45-49",45,2018,1262,12,1758848,56046620,0.000717515100793247
"Northeast","Male","45-49",45,2019,1146,12,1704101,55982803,0.000672495350921101
"Northeast","Male","50-54",50,2005,429,12,1856327,54598185,0.000231101524677495
"Northeast","Male","50-54",50,2006,540,12,1895756,54710026,0.000284846784079808
"Northeast","Male","50-54",50,2007,542,12,1942045,54879379,0.000279087250810357
"Northeast","Male","50-54",50,2008,560,12,1990232,55060196,0.000281374231747857
"Northeast","Male","50-54",50,2009,485,12,2028419,55283679,0.000239102473404164
"Northeast","Male","50-54",50,2010,518,12,2059593,55380134,0.000251506001428438
"Northeast","Male","50-54",50,2011,633,12,2076348,55604223,0.000304862190731034
"Northeast","Male","50-54",50,2012,703,12,2070597,55775216,0.000339515608300408
"Northeast","Male","50-54",50,2013,713,12,2059697,55901806,0.000346167421713
"Northeast","Male","50-54",50,2014,778,12,2048398,56006011,0.000379809001961533
"Northeast","Male","50-54",50,2015,896,12,2020242,56034684,0.000443511222912899
"Northeast","Male","50-54",50,2016,1212,12,1974197,56042330,0.000613920495269722
"Northeast","Male","50-54",50,2017,1413,12,1925350,56059240,0.00073389253901888
"Northeast","Male","50-54",50,2018,1226,12,1871813,56046620,0.000654979957933832
"Northeast","Male","50-54",50,2019,1317,12,1820277,55982803,0.00072351625604235
"South","Female","15-19",15,2005,76,12,3755168,107411036,2.02387749363011e-05
"South","Female","15-19",15,2006,99,12,3829111,108930843,2.58545651980316e-05
"South","Female","15-19",15,2007,96,12,3895881,110573419,2.46414097350509e-05
"South","Female","15-19",15,2008,84,12,3943000,112021022,2.13035759573928e-05
"South","Female","15-19",15,2009,77,12,3960040,113317879,1.94442480378986e-05
"South","Female","15-19",15,2010,107,12,3932166,114866680,2.72114656400569e-05
"South","Female","15-19",15,2011,101,12,3868859,116006522,2.61058880667401e-05
"South","Female","15-19",15,2012,66,12,3833886,117241208,1.72149093635022e-05
"South","Female","15-19",15,2013,69,12,3828199,118364400,1.80241413782303e-05
"South","Female","15-19",15,2014,74,12,3836082,119624037,1.92905156876209e-05
"South","Female","15-19",15,2015,94,12,3878546,120997341,2.42358863347244e-05
"South","Female","15-19",15,2016,117,12,3924044,122351760,2.98161794312194e-05
"South","Female","15-19",15,2017,107,12,3945485,123542189,2.71196063348359e-05
"South","Female","15-19",15,2018,94,12,3959077,124569433,2.37429077534991e-05
"South","Female","15-19",15,2019,106,12,3972572,125580448,2.66829650916333e-05
"South","Female","20-24",20,2005,226,12,3768141,107411036,5.99765242330369e-05
"South","Female","20-24",20,2006,265,12,3772372,108930843,7.02475789768347e-05
"South","Female","20-24",20,2007,302,12,3800421,110573419,7.94648803382573e-05
"South","Female","20-24",20,2008,265,12,3834281,112021022,6.91133487608237e-05
"South","Female","20-24",20,2009,281,12,3885583,113317879,7.23186198827821e-05
"South","Female","20-24",20,2010,301,12,3961818,114866680,7.59752214766049e-05
"South","Female","20-24",20,2011,279,12,4062584,116006522,6.86755030788287e-05
"South","Female","20-24",20,2012,269,12,4144881,117241208,6.48993300410796e-05
"South","Female","20-24",20,2013,286,12,4178462,118364400,6.84462369168369e-05
"South","Female","20-24",20,2014,278,12,4182829,119624037,6.64621958009758e-05
"South","Female","20-24",20,2015,328,12,4137985,120997341,7.92656329107041e-05
"South","Female","20-24",20,2016,399,12,4075997,122351760,9.78901603705793e-05
"South","Female","20-24",20,2017,506,12,4035498,123542189,0.000125387250842399
"South","Female","20-24",20,2018,405,12,4015785,124569433,0.000100852012744706
"South","Female","20-24",20,2019,396,12,4010458,125580448,9.87418394607299e-05
"South","Female","25-29",25,2005,307,12,3577385,107411036,8.58168746165146e-05
"South","Female","25-29",25,2006,390,12,3714081,108930843,0.000105005787434361
"South","Female","25-29",25,2007,435,12,3809173,110573419,0.000114198016209818
"South","Female","25-29",25,2008,417,12,3874861,112021022,0.00010761676354326
"South","Female","25-29",25,2009,436,12,3908162,113317879,0.000111561393821443
"South","Female","25-29",25,2010,462,12,3915936,114866680,0.000117979456252605
"South","Female","25-29",25,2011,469,12,3939939,116006522,0.000119037375959374
"South","Female","25-29",25,2012,473,12,3964080,117241208,0.000119321507134064
"South","Female","25-29",25,2013,460,12,3998165,118364400,0.000115052780463037
"South","Female","25-29",25,2014,481,12,4079311,119624037,0.000117912068974393
"South","Female","25-29",25,2015,539,12,4184137,120997341,0.000128819873727844
"South","Female","25-29",25,2016,777,12,4294660,122351760,0.00018092235473821
"South","Female","25-29",25,2017,885,12,4371249,123542189,0.000202459297102499
"South","Female","25-29",25,2018,788,12,4397816,124569433,0.000179179847451553
"South","Female","25-29",25,2019,787,12,4389441,125580448,0.000179293900977368
"South","Female","30-34",30,2005,398,12,3653293,107411036,0.000108942808583927
"South","Female","30-34",30,2006,434,12,3586250,108930843,0.000121017776228651
"South","Female","30-34",30,2007,468,12,3574090,110573419,0.000130942421707344
"South","Female","30-34",30,2008,460,12,3601694,112021022,0.00012771767951414
"South","Female","30-34",30,2009,499,12,3671079,113317879,0.00013592733907388
"South","Female","30-34",30,2010,569,12,3763978,114866680,0.000151169852746217
"South","Female","30-34",30,2011,604,12,3853262,116006522,0.000156750306623323
"South","Female","30-34",30,2012,635,12,3929995,117241208,0.000161577813712231
"South","Female","30-34",30,2013,605,12,3998345,118364400,0.000151312605590563
"South","Female","30-34",30,2014,676,12,4046811,119624037,0.000167045112806108
"South","Female","30-34",30,2015,758,12,4075612,120997341,0.000185984338057695
"South","Female","30-34",30,2016,899,12,4108565,122351760,0.000218811190768553
"South","Female","30-34",30,2017,1027,12,4131075,123542189,0.000248603571709543
"South","Female","30-34",30,2018,1029,12,4161210,124569433,0.000247283842920689
"South","Female","30-34",30,2019,1075,12,4232006,125580448,0.000254016653095482
"South","Female","35-39",35,2005,566,12,3793434,107411036,0.000149205179265014
"South","Female","35-39",35,2006,607,12,3855089,108930843,0.000157454211822347
"South","Female","35-39",35,2007,635,12,3904765,110573419,0.00016262182231197
"South","Female","35-39",35,2008,633,12,3919659,112021022,0.000161493640135532
"South","Female","35-39",35,2009,633,12,3894038,113317879,0.000162556194880481
"South","Female","35-39",35,2010,674,12,3838899,114866680,0.000175571172880558
"South","Female","35-39",35,2011,680,12,3753460,116006522,0.000181166177340374
"South","Female","35-39",35,2012,654,12,3734481,117241208,0.000175124736208325
"South","Female","35-39",35,2013,697,12,3749953,118364400,0.000185868996224753
"South","Female","35-39",35,2014,736,12,3802225,119624037,0.000193570869688143
"South","Female","35-39",35,2015,809,12,3890969,120997341,0.000207917359403275
"South","Female","35-39",35,2016,1047,12,3991757,122351760,0.000262290515179155
"South","Female","35-39",35,2017,1150,12,4069286,123542189,0.000282604859918914
"South","Female","35-39",35,2018,1096,12,4141031,124569433,0.000264668388138123
"South","Female","35-39",35,2019,1149,12,4184976,125580448,0.000274553545826786
"South","Female","40-44",40,2005,815,12,4168623,107411036,0.000195508204987594
"South","Female","40-44",40,2006,902,12,4120335,108930843,0.00021891423876942
"South","Female","40-44",40,2007,858,12,4057632,110573419,0.000211453379705207
"South","Female","40-44",40,2008,881,12,3985002,112021022,0.000221078935468539
"South","Female","40-44",40,2009,798,12,3920263,113317879,0.000203557771506657
"South","Female","40-44",40,2010,783,12,3917683,114866680,0.000199863031286605
"South","Female","40-44",40,2011,872,12,3971924,116006522,0.00021954095798409
"South","Female","40-44",40,2012,816,12,4006595,117241208,0.000203664208636011
"South","Female","40-44",40,2013,817,12,4009321,118364400,0.000203775152949839
"South","Female","40-44",40,2014,914,12,3981629,119624037,0.000229554285444475
"South","Female","40-44",40,2015,940,12,3930556,120997341,0.000239151916420985
"South","Female","40-44",40,2016,983,12,3854208,122351760,0.000255045913453555
"South","Female","40-44",40,2017,1004,12,3839455,123542189,0.000261495446619377
"South","Female","40-44",40,2018,970,12,3857380,124569433,0.00025146602097797
"South","Female","40-44",40,2019,975,12,3905854,125580448,0.000249625306015023
"South","Female","45-49",45,2005,867,12,4083357,107411036,0.000212325299992139
"South","Female","45-49",45,2006,951,12,4156301,108930843,0.000228809222431195
"South","Female","45-49",45,2007,1040,12,4194310,110573419,0.000247954967563199
"South","Female","45-49",45,2008,1118,12,4228586,112021022,0.000264390980814863
"South","Female","45-49",45,2009,1153,12,4264572,113317879,0.000270367108352257
"South","Female","45-49",45,2010,1068,12,4250120,114866680,0.000251287022484071
"South","Female","45-49",45,2011,1157,12,4178539,116006522,0.000276891037752669
"South","Female","45-49",45,2012,1117,12,4104244,117241208,0.000272157308386149
"South","Female","45-49",45,2013,1009,12,4023953,118364400,0.000250748455560987
"South","Female","45-49",45,2014,1008,12,3961495,119624037,0.000254449393473928
"South","Female","45-49",45,2015,1037,12,3969096,120997341,0.000261268560901525
"South","Female","45-49",45,2016,1122,12,4032754,122351760,0.000278221780946718
"South","Female","45-49",45,2017,1163,12,4070669,123542189,0.000285702423852197
"South","Female","45-49",45,2018,1058,12,4076015,124569433,0.000259567248893834
"South","Female","45-49",45,2019,1047,12,4048026,125580448,0.000258644583804551
"South","Female","50-54",50,2005,599,12,3695502,107411036,0.000162088939472905
"South","Female","50-54",50,2006,723,12,3795460,108930843,0.000190490744204919
"South","Female","50-54",50,2007,806,12,3914870,110573419,0.000205881676786202
"South","Female","50-54",50,2008,831,12,4013730,112021022,0.00020703933747412
"South","Female","50-54",50,2009,948,12,4088030,113317879,0.000231896536962791
"South","Female","50-54",50,2010,1015,12,4161609,114866680,0.000243896050782282
"South","Female","50-54",50,2011,1083,12,4213051,116006522,0.000257058364591361
"South","Female","50-54",50,2012,1108,12,4233713,117241208,0.00026170881209945
"South","Female","50-54",50,2013,1102,12,4254754,118364400,0.000259004398374148
"South","Female","50-54",50,2014,1127,12,4276867,119624037,0.000263510649267326
"South","Female","50-54",50,2015,1183,12,4258988,120997341,0.000277765516127305
"South","Female","50-54",50,2016,1264,12,4198295,122351760,0.000301074602904274
"South","Female","50-54",50,2017,1262,12,4127672,123542189,0.000305741347665221
"South","Female","50-54",50,2018,1145,12,4053243,124569433,0.000282489848252375
"South","Female","50-54",50,2019,1083,12,3991435,125580448,0.000271330987476935
"South","Male","15-19",15,2005,282,12,3973458,107411036,7.09709275900236e-05
"South","Male","15-19",15,2006,305,12,4043745,108930843,7.5425131901245e-05
"South","Male","15-19",15,2007,311,12,4106876,110573419,7.57266593878169e-05
"South","Male","15-19",15,2008,314,12,4149412,112021022,7.56733725163951e-05
"South","Male","15-19",15,2009,244,12,4160638,113317879,5.86448520635537e-05
"South","Male","15-19",15,2010,224,12,4136826,114866680,5.41477935015879e-05
"South","Male","15-19",15,2011,239,12,4086068,116006522,5.84914396921441e-05
"South","Male","15-19",15,2012,168,12,4045388,117241208,4.15287730126257e-05
"South","Male","15-19",15,2013,149,12,4027554,118364400,3.69951588482737e-05
"South","Male","15-19",15,2014,128,12,4025048,119624037,3.18008629959196e-05
"South","Male","15-19",15,2015,178,12,4061348,120997341,4.38278128345564e-05
"South","Male","15-19",15,2016,211,12,4100033,122351760,5.14630004197527e-05
"South","Male","15-19",15,2017,179,12,4117984,123542189,4.34678716575878e-05
"South","Male","15-19",15,2018,151,12,4124788,124569433,3.66079420324148e-05
"South","Male","15-19",15,2019,166,12,4133515,125580448,4.01595252466726e-05
"South","Male","20-24",20,2005,716,12,3932999,107411036,0.000182049372501747
"South","Male","20-24",20,2006,928,12,3963297,108930843,0.000234148487988662
"South","Male","20-24",20,2007,835,12,3981278,110573419,0.000209731648983065
"South","Male","20-24",20,2008,823,12,3989610,112021022,0.000206285827436767
"South","Male","20-24",20,2009,791,12,4028706,113317879,0.000196340959106969
"South","Male","20-24",20,2010,760,12,4095979,114866680,0.000185547826295008
"South","Male","20-24",20,2011,783,12,4192923,116006522,0.000186743233777487
"South","Male","20-24",20,2012,726,12,4298705,117241208,0.000168888072105436
"South","Male","20-24",20,2013,686,12,4361889,118364400,0.000157271310663797
"South","Male","20-24",20,2014,799,12,4385220,119624037,0.000182202945348238
"South","Male","20-24",20,2015,845,12,4364948,120997341,0.000193587644113973
"South","Male","20-24",20,2016,1134,12,4308724,122351760,0.00026318696672147
"South","Male","20-24",20,2017,1125,12,4257341,123542189,0.000264249445839551
"South","Male","20-24",20,2018,973,12,4219626,124569433,0.000230589156479745
"South","Male","20-24",20,2019,1002,12,4204110,125580448,0.0002383381976209
"South","Male","25-29",25,2005,816,12,3569795,107411036,0.000228584554575263
"South","Male","25-29",25,2006,1029,12,3686213,108930843,0.000279148274936907
"South","Male","25-29",25,2007,1078,12,3779080,110573419,0.000285254612233665
"South","Male","25-29",25,2008,1030,12,3860481,112021022,0.000266806131153087
"South","Male","25-29",25,2009,1058,12,3913684,113317879,0.000270333527183084
"South","Male","25-29",25,2010,1125,12,3939257,114866680,0.000285586850515211
"South","Male","25-29",25,2011,1146,12,3971562,116006522,0.00028855145658056
"South","Male","25-29",25,2012,990,12,4010139,117241208,0.000246874235531487
"South","Male","25-29",25,2013,1005,12,4052692,118364400,0.000247983315781214
"South","Male","25-29",25,2014,1150,12,4140737,119624037,0.000277728336767102
"South","Male","25-29",25,2015,1429,12,4248951,120997341,0.000336318305388789
"South","Male","25-29",25,2016,1877,12,4362461,122351760,0.000430261726122021
"South","Male","25-29",25,2017,2074,12,4453362,123542189,0.000465715565004597
"South","Male","25-29",25,2018,1876,12,4498529,124569433,0.000417025209796358
"South","Male","25-29",25,2019,1954,12,4507475,125580448,0.000433502127022335
"South","Male","30-34",30,2005,846,12,3631619,107411036,0.000232953952493365
"South","Male","30-34",30,2006,875,12,3569922,108930843,0.0002451033944159
"South","Male","30-34",30,2007,949,12,3552633,110573419,0.000267125819075598
"South","Male","30-34",30,2008,925,12,3577180,112021022,0.000258583577007587
"South","Male","30-34",30,2009,1009,12,3639703,113317879,0.000277220421556374
"South","Male","30-34",30,2010,1081,12,3729809,114866680,0.000289827173455799
"South","Male","30-34",30,2011,1176,12,3816089,116006522,0.000308168913251237
"South","Male","30-34",30,2012,1081,12,3896248,117241208,0.000277446404848973
"South","Male","30-34",30,2013,1196,12,3966074,118364400,0.000301557661304353
"South","Male","30-34",30,2014,1368,12,4015362,119624037,0.000340691574010015
"South","Male","30-34",30,2015,1543,12,4049381,120997341,0.000381045893187132
"South","Male","30-34",30,2016,2076,12,4095509,122351760,0.00050689670075197
"South","Male","30-34",30,2017,2394,12,4130054,123542189,0.000579653437945363
"South","Male","30-34",30,2018,2252,12,4166659,124569433,0.00054048099448503
"South","Male","30-34",30,2019,2407,12,4243402,125580448,0.000567233554586627
"South","Male","35-39",35,2005,981,12,3745109,107411036,0.000261941641751949
"South","Male","35-39",35,2006,1041,12,3798853,108930843,0.000274030082237981
"South","Male","35-39",35,2007,1068,12,3845126,110573419,0.000277754227039634
"South","Male","35-39",35,2008,1002,12,3851885,112021022,0.000260132376745412
"South","Male","35-39",35,2009,1015,12,3819929,113317879,0.000265711744904159
"South","Male","35-39",35,2010,1057,12,3756369,114866680,0.00028138875600347
"South","Male","35-39",35,2011,1046,12,3671534,116006522,0.000284894542717022
"South","Male","35-39",35,2012,1044,12,3650790,117241208,0.000285965503356808
"South","Male","35-39",35,2013,1054,12,3669905,118364400,0.000287200894846052
"South","Male","35-39",35,2014,1186,12,3724867,119624037,0.000318400630143304
"South","Male","35-39",35,2015,1490,12,3818809,120997341,0.000390174004512925
"South","Male","35-39",35,2016,1953,12,3918651,122351760,0.000498385796540697
"South","Male","35-39",35,2017,2324,12,3998530,123542189,0.000581213595996529
"South","Male","35-39",35,2018,2309,12,4068269,124569433,0.000567563256018715
"South","Male","35-39",35,2019,2545,12,4111033,125580448,0.000619065816304564
"South","Male","40-44",40,2005,1289,12,4051020,107411036,0.000318191467827856
"South","Male","40-44",40,2006,1350,12,4012222,108930843,0.000336471910078754
"South","Male","40-44",40,2007,1284,12,3955369,110573419,0.000324622051697326
"South","Male","40-44",40,2008,1162,12,3893948,112021022,0.000298411791836974
"South","Male","40-44",40,2009,1167,12,3839558,113317879,0.000303941234902559
"South","Male","40-44",40,2010,1106,12,3842845,114866680,0.000287807600879036
"South","Male","40-44",40,2011,1178,12,3886582,116006522,0.000303094081123208
"South","Male","40-44",40,2012,1103,12,3914913,117241208,0.000281743170282456
"South","Male","40-44",40,2013,1135,12,3906391,118364400,0.000290549512324803
"South","Male","40-44",40,2014,1185,12,3870909,119624037,0.000306129645517371
"South","Male","40-44",40,2015,1353,12,3816434,120997341,0.000354519428345938
"South","Male","40-44",40,2016,1625,12,3741884,122351760,0.00043427321637977
"South","Male","40-44",40,2017,1787,12,3723246,123542189,0.000479957542424003
"South","Male","40-44",40,2018,1931,12,3743222,124569433,0.000515865743469129
"South","Male","40-44",40,2019,2132,12,3792234,125580448,0.000562201594099942
"South","Male","45-49",45,2005,1234,12,3939037,107411036,0.000313274538929185
"South","Male","45-49",45,2006,1385,12,4015135,108930843,0.000344944815056032
"South","Male","45-49",45,2007,1423,12,4055628,110573419,0.000350870444725207
"South","Male","45-49",45,2008,1373,12,4086674,112021022,0.00033597003333273
"South","Male","45-49",45,2009,1467,12,4121492,113317879,0.000355939062844232
"South","Male","45-49",45,2010,1378,12,4109777,114866680,0.000335297997920568
"South","Male","45-49",45,2011,1350,12,4046883,116006522,0.000333590074138541
"South","Male","45-49",45,2012,1315,12,3976730,117241208,0.000330673694216102
"South","Male","45-49",45,2013,1170,12,3902849,118364400,0.000299781006131675
"South","Male","45-49",45,2014,1290,12,3846658,119624037,0.000335356041530076
"South","Male","45-49",45,2015,1426,12,3856144,120997341,0.000369799468069657
"South","Male","45-49",45,2016,1727,12,3910702,122351760,0.000441608693272972
"South","Male","45-49",45,2017,1984,12,3942294,123542189,0.000503260284494256
"South","Male","45-49",45,2018,1822,12,3936134,124569433,0.000462890745081341
"South","Male","45-49",45,2019,1955,12,3899502,125580448,0.000501346069318595
"South","Male","50-54",50,2005,832,12,3482759,107411036,0.000238891063091072
"South","Male","50-54",50,2006,1085,12,3580265,108930843,0.000303050193211955
"South","Male","50-54",50,2007,1049,12,3698135,110573419,0.000283656491718123
"South","Male","50-54",50,2008,1163,12,3800662,112021022,0.000305999323275787
"South","Male","50-54",50,2009,1209,12,3878057,113317879,0.00031175405621939
"South","Male","50-54",50,2010,1259,12,3956329,114866680,0.000318224293277935
"South","Male","50-54",50,2011,1304,12,4010635,116006522,0.000325135545867425
"South","Male","50-54",50,2012,1286,12,4034585,117241208,0.000318744059178329
"South","Male","50-54",50,2013,1335,12,4055130,118364400,0.000329212626968802
"South","Male","50-54",50,2014,1370,12,4076857,119624037,0.000336043182284785
"South","Male","50-54",50,2015,1434,12,4060856,120997341,0.00035312751794203
"South","Male","50-54",50,2016,1805,12,4008931,122351760,0.000450244716110105
"South","Male","50-54",50,2017,1911,12,3945416,123542189,0.000484359570701797
"South","Male","50-54",50,2018,1859,12,3878132,124569433,0.00047935449334886
"South","Male","50-54",50,2019,1935,12,3824078,125580448,0.000506004323133576
"West","Female","15-19",15,2005,47,12,2421921,67937509,1.94060830225263e-05
"West","Female","15-19",15,2006,50,12,2474448,68870285,2.02065268698312e-05
"West","Female","15-19",15,2007,53,12,2518255,69767850,2.10463197730174e-05
"West","Female","15-19",15,2008,62,12,2546948,70698031,2.43428605531012e-05
"West","Female","15-19",15,2009,70,12,2557446,71568081,2.73710569059914e-05
"West","Female","15-19",15,2010,64,12,2537862,72100436,2.52180772634603e-05
"West","Female","15-19",15,2011,56,12,2489768,72788329,2.24920554846877e-05
"West","Female","15-19",15,2012,51,12,2459754,73477823,2.07337806951427e-05
"West","Female","15-19",15,2013,53,12,2440298,74167130,2.17186589506691e-05
"West","Female","15-19",15,2014,58,12,2426102,74925793,2.39066617974018e-05
"West","Female","15-19",15,2015,62,12,2428013,75742555,2.55352833778073e-05
"West","Female","15-19",15,2016,62,12,2434517,76559681,2.54670638980956e-05
"West","Female","15-19",15,2017,59,12,2429846,77257329,2.42813742105467e-05
"West","Female","15-19",15,2018,75,12,2433811,77834820,3.08158686109973e-05
"West","Female","15-19",15,2019,79,12,2440879,78347268,3.23653896813402e-05
"West","Female","20-24",20,2005,112,12,2401653,67937509,4.66345471223362e-05
"West","Female","20-24",20,2006,119,12,2406144,68870285,4.94567241195872e-05
"West","Female","20-24",20,2007,152,12,2412141,69767850,6.3014558435846e-05
"West","Female","20-24",20,2008,115,12,2436916,70698031,4.71907936096279e-05
"West","Female","20-24",20,2009,145,12,2467047,71568081,5.87747213571529e-05
"West","Female","20-24",20,2010,185,12,2513931,72100436,7.35899274880655e-05
"West","Female","20-24",20,2011,195,12,2588806,72788329,7.53243000827408e-05
"West","Female","20-24",20,2012,173,12,2640507,73477823,6.551772064986e-05
"West","Female","20-24",20,2013,196,12,2659133,74167130,7.37082349773404e-05
"West","Female","20-24",20,2014,186,12,2659992,74925793,6.99250223308942e-05
"West","Female","20-24",20,2015,181,12,2628320,75742555,6.88652827661776e-05
"West","Female","20-24",20,2016,182,12,2587671,76559681,7.03335161231857e-05
"West","Female","20-24",20,2017,210,12,2557398,77257329,8.21147119063986e-05
"West","Female","20-24",20,2018,203,12,2537909,77834820,7.99871074967621e-05
"West","Female","20-24",20,2019,245,12,2519086,78347268,9.72574973621385e-05
"West","Female","25-29",25,2005,159,12,2357893,67937509,6.74330853859781e-05
"West","Female","25-29",25,2006,213,12,2444114,68870285,8.71481444809857e-05
"West","Female","25-29",25,2007,227,12,2499474,69767850,9.08191083403948e-05
"West","Female","25-29",25,2008,220,12,2539319,70698031,8.66374016025556e-05
"West","Female","25-29",25,2009,225,12,2553406,71568081,8.81175966532545e-05
"West","Female","25-29",25,2010,275,12,2551310,72100436,0.000107787763933038
"West","Female","25-29",25,2011,260,12,2565872,72788329,0.000101330074142436
"West","Female","25-29",25,2012,259,12,2569715,73477823,0.000100789387149937
"West","Female","25-29",25,2013,245,12,2594705,74167130,9.44230654351843e-05
"West","Female","25-29",25,2014,257,12,2649941,74925793,9.69832913261088e-05
"West","Female","25-29",25,2015,287,12,2723463,75742555,0.000105380539408834
"West","Female","25-29",25,2016,288,12,2809207,76559681,0.00010252003501344
"West","Female","25-29",25,2017,315,12,2869392,77257329,0.00010977935395373
"West","Female","25-29",25,2018,327,12,2891372,77834820,0.000113095098105674
"West","Female","25-29",25,2019,348,12,2890250,78347268,0.000120404809272554
"West","Female","30-34",30,2005,234,12,2317895,67937509,0.000100953667012526
"West","Female","30-34",30,2006,250,12,2288489,68870285,0.000109242386570353
"West","Female","30-34",30,2007,268,12,2293157,69767850,0.00011686945115402
"West","Female","30-34",30,2008,258,12,2323277,70698031,0.000111050038372523
"West","Female","30-34",30,2009,300,12,2375256,71568081,0.00012630217542867
"West","Female","30-34",30,2010,296,12,2433248,72100436,0.000121648101632057
"West","Female","30-34",30,2011,322,12,2489015,72788329,0.000129368444947098
"West","Female","30-34",30,2012,348,12,2540686,73477823,0.000136970881092744
"West","Female","30-34",30,2013,298,12,2590479,74167130,0.000115036639941879
"West","Female","30-34",30,2014,353,12,2629843,74925793,0.000134228545202128
"West","Female","30-34",30,2015,373,12,2656908,75742555,0.000140388752640287
"West","Female","30-34",30,2016,366,12,2685974,76559681,0.000136263418782162
"West","Female","30-34",30,2017,362,12,2701493,77257329,0.000133999977049728
"West","Female","30-34",30,2018,364,12,2728021,77834820,0.000133430057906446
"West","Female","30-34",30,2019,418,12,2775753,78347268,0.000150589767893613
"West","Female","35-39",35,2005,320,12,2394518,67937509,0.000133638586137168
"West","Female","35-39",35,2006,350,12,2432408,68870285,0.000143890334187357
"West","Female","35-39",35,2007,373,12,2449547,69767850,0.00015227305293591
"West","Female","35-39",35,2008,386,12,2448592,70698031,0.000157641616079772
"West","Female","35-39",35,2009,357,12,2430831,71568081,0.00014686335660521
"West","Female","35-39",35,2010,377,12,2395341,72100436,0.000157388864466479
"West","Female","35-39",35,2011,397,12,2359962,72788329,0.000168223047659242
"West","Female","35-39",35,2012,367,12,2364570,73477823,0.000155207923639393
"West","Female","35-39",35,2013,367,12,2386011,74167130,0.000153813205387569
"West","Female","35-39",35,2014,392,12,2420432,74925793,0.000161954560177687
"West","Female","35-39",35,2015,407,12,2476488,75742555,0.000164345637854898
"West","Female","35-39",35,2016,414,12,2541460,76559681,0.000162898491418319
"West","Female","35-39",35,2017,431,12,2599519,77257329,0.000165799903751425
"West","Female","35-39",35,2018,450,12,2651413,77834820,0.000169720824330272
"West","Female","35-39",35,2019,458,12,2685893,78347268,0.000170520568019649
"West","Female","40-44",40,2005,544,12,2551165,67937509,0.000213235913788406
"West","Female","40-44",40,2006,526,12,2507719,68870285,0.000209752368586752
"West","Female","40-44",40,2007,526,12,2459460,69767850,0.000213868084864157
"West","Female","40-44",40,2008,479,12,2420844,70698031,0.000197864876877651
"West","Female","40-44",40,2009,541,12,2395476,71568081,0.000225842379552122
"West","Female","40-44",40,2010,500,12,2412043,72100436,0.000207293153563183
"West","Female","40-44",40,2011,567,12,2446477,72788329,0.000231761835488337
"West","Female","40-44",40,2012,484,12,2459965,73477823,0.000196750766779202
"West","Female","40-44",40,2013,517,12,2455319,74167130,0.000210563271004704
"West","Female","40-44",40,2014,462,12,2433333,74925793,0.000189863039707266
"West","Female","40-44",40,2015,460,12,2403911,75742555,0.00019135483801189
"West","Female","40-44",40,2016,403,12,2376181,76559681,0.000169599874757016
"West","Female","40-44",40,2017,406,12,2383626,77257329,0.000170328734457503
"West","Female","40-44",40,2018,387,12,2403964,77834820,0.000160984107915094
"West","Female","40-44",40,2019,441,12,2433779,78347268,0.000181199689865021
"West","Female","45-49",45,2005,616,12,2510598,67937509,0.000245359870437242
"West","Female","45-49",45,2006,702,12,2543673,68870285,0.000275978869925497
"West","Female","45-49",45,2007,697,12,2554743,69767850,0.000272825877201738
"West","Female","45-49",45,2008,701,12,2563475,70698031,0.000273456928583271
"West","Female","45-49",45,2009,777,12,2571898,71568081,0.000302111514531292
"West","Female","45-49",45,2010,653,12,2543997,72100436,0.000256682692628961
"West","Female","45-49",45,2011,661,12,2491348,72788329,0.000265318213272493
"West","Female","45-49",45,2012,657,12,2443915,73477823,0.000268830953613362
"West","Female","45-49",45,2013,620,12,2402881,74167130,0.000258023597506493
"West","Female","45-49",45,2014,615,12,2382740,74925793,0.000258106213854638
"West","Female","45-49",45,2015,544,12,2402839,75742555,0.00022639885568696
"West","Female","45-49",45,2016,560,12,2440373,76559681,0.00022947311742918
"West","Female","45-49",45,2017,609,12,2454887,77257329,0.000248076591712775
"West","Female","45-49",45,2018,497,12,2448336,77834820,0.000202995013756282
"West","Female","45-49",45,2019,547,12,2423007,78347268,0.000225752546319511
"West","Female","50-54",50,2005,528,12,2283309,67937509,0.000231243340257495
"West","Female","50-54",50,2006,598,12,2344486,68870285,0.000255066568962237
"West","Female","50-54",50,2007,695,12,2408619,69767850,0.000288547088601394
"West","Female","50-54",50,2008,690,12,2457377,70698031,0.000280787197080464
"West","Female","50-54",50,2009,751,12,2488122,71568081,0.000301834074052639
"West","Female","50-54",50,2010,747,12,2526781,72100436,0.000295633060403731
"West","Female","50-54",50,2011,761,12,2548057,72788329,0.000298658938948383
"West","Female","50-54",50,2012,758,12,2550078,73477823,0.000297245809736016
"West","Female","50-54",50,2013,776,12,2551552,74167130,0.00030412862446072
"West","Female","50-54",50,2014,692,12,2549274,74925793,0.000271449832383651
"West","Female","50-54",50,2015,758,12,2519406,75742555,0.000300864568870599
"West","Female","50-54",50,2016,662,12,2469564,76559681,0.000268063512425675
"West","Female","50-54",50,2017,595,12,2423291,77257329,0.000245533862833642
"West","Female","50-54",50,2018,592,12,2380817,77834820,0.000248654138474314
"West","Female","50-54",50,2019,595,12,2357400,78347268,0.000252396708237889
"West","Male","15-19",15,2005,110,12,2593820,67937509,4.24084940358236e-05
"West","Male","15-19",15,2006,121,12,2644963,68870285,4.57473318152277e-05
"West","Male","15-19",15,2007,156,12,2687555,69767850,5.80453237236075e-05
"West","Male","15-19",15,2008,162,12,2714134,70698031,5.96875467460339e-05
"West","Male","15-19",15,2009,170,12,2718711,71568081,6.25296326089827e-05
"West","Male","15-19",15,2010,161,12,2691710,72100436,5.98132785478376e-05
"West","Male","15-19",15,2011,150,12,2641776,72788329,5.67799843741483e-05
"West","Male","15-19",15,2012,131,12,2601899,73477823,5.03478420953311e-05
"West","Male","15-19",15,2013,121,12,2573372,74167130,4.70200188701828e-05
"West","Male","15-19",15,2014,116,12,2553913,74925793,4.54204978791368e-05
"West","Male","15-19",15,2015,119,12,2554717,75742555,4.65805018716359e-05
"West","Male","15-19",15,2016,139,12,2557387,76559681,5.43523526161664e-05
"West","Male","15-19",15,2017,131,12,2550230,77257329,5.13679158350423e-05
"West","Male","15-19",15,2018,168,12,2550160,77834820,6.58782194058412e-05
"West","Male","15-19",15,2019,222,12,2553500,78347268,8.69394948110437e-05
"West","Male","20-24",20,2005,323,12,2614765,67937509,0.000123529265536291
"West","Male","20-24",20,2006,386,12,2627231,68870285,0.000146922748703863
"West","Male","20-24",20,2007,405,12,2632058,69767850,0.000153871989143096
"West","Male","20-24",20,2008,431,12,2649154,70698031,0.00016269344854999
"West","Male","20-24",20,2009,451,12,2666729,71568081,0.000169121046795531
"West","Male","20-24",20,2010,465,12,2703707,72100436,0.00017198609168819
"West","Male","20-24",20,2011,523,12,2773588,72788329,0.000188564415479156
"West","Male","20-24",20,2012,475,12,2832227,73477823,0.00016771254563988
"West","Male","20-24",20,2013,513,12,2857073,74167130,0.000179554390104838
"West","Male","20-24",20,2014,447,12,2869021,74925793,0.000155802275410323
"West","Male","20-24",20,2015,471,12,2842621,75742555,0.000165692155232794
"West","Male","20-24",20,2016,611,12,2802467,76559681,0.000218022192589601
"West","Male","20-24",20,2017,574,12,2759763,77257329,0.000207988874406969
"West","Male","20-24",20,2018,551,12,2728454,77834820,0.000201945863848172
"West","Male","20-24",20,2019,757,12,2700433,78347268,0.000280325414479826
"West","Male","25-29",25,2005,401,12,2462433,67937509,0.000162847070356838
"West","Male","25-29",25,2006,427,12,2545026,68870285,0.000167778246666242
"West","Male","25-29",25,2007,498,12,2600991,69767850,0.000191465483732931
"West","Male","25-29",25,2008,538,12,2655850,70698031,0.000202571681382608
"West","Male","25-29",25,2009,579,12,2681148,71568081,0.000215952271191296
"West","Male","25-29",25,2010,551,12,2688341,72100436,0.000204959117909521
"West","Male","25-29",25,2011,600,12,2711034,72788329,0.000221317770267728
"West","Male","25-29",25,2012,596,12,2729932,73477823,0.000218320456333711
"West","Male","25-29",25,2013,640,12,2761986,74167130,0.000231717322245659
"West","Male","25-29",25,2014,677,12,2826211,74925793,0.00023954333204421
"West","Male","25-29",25,2015,718,12,2909909,75742555,0.000246743111210694
"West","Male","25-29",25,2016,776,12,3003421,76559681,0.000258372036421134
"West","Male","25-29",25,2017,911,12,3074139,77257329,0.000296343138680457
"West","Male","25-29",25,2018,961,12,3105054,77834820,0.00030949542262389
"West","Male","25-29",25,2019,1075,12,3108911,78347268,0.000345780242663749
"West","Male","30-34",30,2005,444,12,2423927,67937509,0.000183173833205373
"West","Male","30-34",30,2006,496,12,2389803,68870285,0.000207548488306358
"West","Male","30-34",30,2007,498,12,2387575,69767850,0.000208579835188423
"West","Male","30-34",30,2008,504,12,2416586,70698031,0.000208558685683026
"West","Male","30-34",30,2009,556,12,2465085,71568081,0.000225550031743327
"West","Male","30-34",30,2010,545,12,2516030,72100436,0.000216611089692889
"West","Male","30-34",30,2011,637,12,2573571,72788329,0.000247516000141438
"West","Male","30-34",30,2012,618,12,2633031,73477823,0.00023471049144503
"West","Male","30-34",30,2013,666,12,2692884,74167130,0.000247318488282451
"West","Male","30-34",30,2014,697,12,2741573,74925793,0.0002542336096832
"West","Male","30-34",30,2015,751,12,2776211,75742555,0.000270512579915576
"West","Male","30-34",30,2016,855,12,2824078,76559681,0.000302753677483412
"West","Male","30-34",30,2017,912,12,2856773,77257329,0.000319241325789623
"West","Male","30-34",30,2018,958,12,2894950,77834820,0.000330921086719978
"West","Male","30-34",30,2019,1105,12,2952745,78347268,0.000374228048815594
"West","Male","35-39",35,2005,565,12,2475157,67937509,0.000228268348230031
"West","Male","35-39",35,2006,634,12,2508872,68870285,0.000252703206859497
"West","Male","35-39",35,2007,633,12,2520982,69767850,0.000251092629776809
"West","Male","35-39",35,2008,623,12,2511697,70698031,0.000248039472914129
"West","Male","35-39",35,2009,590,12,2486651,71568081,0.000237266910394744
"West","Male","35-39",35,2010,549,12,2442642,72100436,0.000224756636461667
"West","Male","35-39",35,2011,591,12,2403278,72788329,0.000245914122294633
"West","Male","35-39",35,2012,571,12,2408241,73477823,0.000237102515902686
"West","Male","35-39",35,2013,606,12,2435280,74167130,0.000248842022272593
"West","Male","35-39",35,2014,688,12,2477224,74925793,0.000277730233519456
"West","Male","35-39",35,2015,740,12,2544594,75742555,0.000290812601145802
"West","Male","35-39",35,2016,826,12,2615450,76559681,0.000315815634020914
"West","Male","35-39",35,2017,891,12,2683708,77257329,0.000332003332702366
"West","Male","35-39",35,2018,981,12,2747074,77834820,0.000357107234825127
"West","Male","35-39",35,2019,1145,12,2792787,78347268,0.000409984721355406
"West","Male","40-44",40,2005,891,12,2573928,67937509,0.000346163529049764
"West","Male","40-44",40,2006,832,12,2540215,68870285,0.000327531331009383
"West","Male","40-44",40,2007,778,12,2493693,69767850,0.000311987081007967
"West","Male","40-44",40,2008,730,12,2463356,70698031,0.000296343687229942
"West","Male","40-44",40,2009,775,12,2443438,71568081,0.000317176044573261
"West","Male","40-44",40,2010,686,12,2462946,72100436,0.000278528234074153
"West","Male","40-44",40,2011,703,12,2492453,72788329,0.000282051456938205
"West","Male","40-44",40,2012,719,12,2502413,73477823,0.000287322676152977
"West","Male","40-44",40,2013,707,12,2488715,74167130,0.000284082347717597
"West","Male","40-44",40,2014,680,12,2463869,74925793,0.000275988699074504
"West","Male","40-44",40,2015,723,12,2432724,75742555,0.000297197709234586
"West","Male","40-44",40,2016,715,12,2405016,76559681,0.000297295319449018
"West","Male","40-44",40,2017,751,12,2414368,77257329,0.000311054487137006
"West","Male","40-44",40,2018,852,12,2441697,77834820,0.00034893764459718
"West","Male","40-44",40,2019,1010,12,2478216,78347268,0.000407551238471546
"West","Male","45-49",45,2005,1018,12,2494719,67937509,0.000408061990147989
"West","Male","45-49",45,2006,1021,12,2530598,68870285,0.000403461948519678
"West","Male","45-49",45,2007,1011,12,2548589,69767850,0.000396690090085141
"West","Male","45-49",45,2008,996,12,2554938,70698031,0.00038983333450753
"West","Male","45-49",45,2009,954,12,2565683,71568081,0.00037183081464078
"West","Male","45-49",45,2010,916,12,2540290,72100436,0.000360588751677958
"West","Male","45-49",45,2011,865,12,2495968,72788329,0.000346558930242695
"West","Male","45-49",45,2012,858,12,2453508,73477823,0.000349703363510533
"West","Male","45-49",45,2013,891,12,2419882,74167130,0.000368199771724406
"West","Male","45-49",45,2014,824,12,2405492,74925793,0.000342549465972034
"West","Male","45-49",45,2015,847,12,2428576,75742555,0.000348764049385319
"West","Male","45-49",45,2016,842,12,2462991,76559681,0.000341860770096196
"West","Male","45-49",45,2017,935,12,2475604,77257329,0.000377685607229589
"West","Male","45-49",45,2018,943,12,2462344,77834820,0.000382968423583382
"West","Male","45-49",45,2019,977,12,2434969,78347268,0.000401237141006723
"West","Male","50-54",50,2005,830,12,2218115,67937509,0.000374191599624005
"West","Male","50-54",50,2006,897,12,2276007,68870285,0.000394111265914384
"West","Male","50-54",50,2007,1010,12,2339876,69767850,0.000431646805215319
"West","Male","50-54",50,2008,936,12,2394112,70698031,0.000390959153122327
"West","Male","50-54",50,2009,927,12,2429520,71568081,0.000381556850735948
"West","Male","50-54",50,2010,861,12,2470814,72100436,0.000348468156647971
"West","Male","50-54",50,2011,962,12,2494385,72788329,0.000385666206299348
"West","Male","50-54",50,2012,949,12,2500446,73477823,0.000379532291439207
"West","Male","50-54",50,2013,989,12,2503630,74167130,0.000395026421635785
"West","Male","50-54",50,2014,1027,12,2504514,74925793,0.000410059596392753
"West","Male","50-54",50,2015,954,12,2479321,75742555,0.000384782769153329
"West","Male","50-54",50,2016,922,12,2439454,76559681,0.000377953427283318
"West","Male","50-54",50,2017,964,12,2399394,77257329,0.000401768113115228
"West","Male","50-54",50,2018,1053,12,2366992,77834820,0.000444868423720908
"West","Male","50-54",50,2019,1100,12,2351123,78347268,0.000467861528299455
